BATS,LNAME,FNAME,G,PA,AB,R,H,2B,3B,HR,TB,RBI,SB,CS,SH,SF,BB,IBB,HP,SO,GDP,AVG,SLG,OBP,TEAM,YEAR
L,Akiyama, Takumi,10,19,16,0,2,0,0,0,2,1,0,0,2,0,1,0,0,3,0,0.125,0.125,0.176,T,2019
R,Aoyagi, Koyo,25,43,37,0,0,0,0,0,0,1,0,0,4,1,1,0,0,19,3,0,0,0.026,T,2019
L,Araki, Fumiya,9,9,9,4,1,1,0,0,2,0,0,1,0,0,0,0,0,4,0,0.111,0.222,0.111,T,2019
R,Baba, Kosuke,2,0,0,0,0,0,0,0,0,0,0,0,0,0,0,0,0,0,0,0,0,0,T,2019
L,Chikamoto, Koji,142,640,586,81,159,20,7,9,220,42,36,15,14,3,31,2,6,110,2,0.271,0.375,0.313,T,2019
R,Dolis, Rafael,56,0,0,0,0,0,0,0,0,0,0,0,0,0,0,0,0,0,0,0,0,0,T,2019
R,Egoshi, Taiga,49,16,15,8,1,0,0,0,1,0,1,0,0,0,1,0,0,9,0,0.067,0.067,0.125,T,2019
L,Fujikawa, Kyuji,56,0,0,0,0,0,0,0,0,0,0,0,0,0,0,0,0,0,0,0,0,0,T,2019
R,Fujikawa, Shunsuke,6,6,6,0,0,0,0,0,0,0,0,0,0,0,0,0,0,1,0,0,0,0,T,2019
R,Fujinami, Shintaro,1,1,1,0,0,0,0,0,0,0,0,0,0,0,0,0,0,1,0,0,0,0,T,2019
L,Fukudome, Kosuke,104,403,348,39,89,16,1,10,137,47,0,0,2,3,49,1,1,85,5,0.256,0.394,0.347,T,2019
L,Fukunaga, Shungo,3,0,0,0,0,0,0,0,0,0,0,0,0,0,0,0,0,0,0,0,0,0,T,2019
L,Garcia, Onelki,21,33,30,1,4,0,0,0,4,1,0,0,3,0,0,0,0,9,1,0.133,0.133,0.133,T,2019
R,Hamachi, Masumi,21,1,1,0,1,0,0,0,1,0,0,0,0,0,0,0,0,0,0,1,1,1,T,2019
R,Haraguchi, Fumihito,43,94,87,8,24,4,0,1,31,11,0,0,0,2,4,0,1,23,3,0.276,0.356,0.309,T,2019
R,Hojo, Fumiya,82,211,174,18,43,7,0,5,65,20,2,0,13,0,23,0,1,40,3,0.247,0.374,0.338,T,2019
L,Iida, Yuya,3,0,0,0,0,0,0,0,0,0,0,0,0,0,0,0,0,0,0,0,0,0,T,2019
R,Ishizaki, Tsuyoshi,2,0,0,0,0,0,0,0,0,0,0,0,0,0,0,0,0,0,0,0,0,0,T,2019
L,Itohara, Kento,143,572,491,66,131,20,4,2,165,45,6,5,11,3,60,2,7,70,7,0.267,0.336,0.353,T,2019
L,Itoi, Yoshio,103,444,382,45,120,22,1,5,159,42,9,5,0,3,52,7,7,63,10,0.314,0.416,0.403,T,2019
L,Iwasada, Yuta,8,12,11,0,0,0,0,0,0,0,0,0,0,0,1,0,0,5,0,0,0,0.083,T,2019
L,Iwata, Minoru,14,27,22,0,0,0,0,0,0,0,0,0,3,0,2,0,0,17,0,0,0,0.083,T,2019
L,Iwazaki, Suguru,48,1,1,0,0,0,0,0,0,0,0,0,0,0,0,0,0,1,0,0,0,0,T,2019
R,Johnson, Pierce,58,0,0,0,0,0,0,0,0,0,0,0,0,0,0,0,0,0,0,0,0,0,T,2019
L,Kinami, Seiya,113,390,363,32,95,18,2,4,129,32,2,0,6,0,18,5,3,77,8,0.262,0.355,0.302,T,2019
R,Kuwahara, Kentaro,7,0,0,0,0,0,0,0,0,0,0,0,0,0,0,0,0,0,0,0,0,0,T,2019
R,Marte, Jefry,105,412,349,36,99,20,0,12,155,49,0,2,0,5,51,2,7,73,14,0.284,0.444,0.381,T,2019
R,Messenger, Randy,14,19,18,0,0,0,0,0,0,0,0,0,1,0,0,0,0,10,1,0,0,0,T,2019
R,Mochizuki, Atsushi,8,8,8,0,0,0,0,0,0,0,0,0,0,0,0,0,0,2,0,0,0,0,T,2019
R,Moriya, Koki,57,0,0,0,0,0,0,0,0,0,0,0,0,0,0,0,0,0,0,0,0,0,T,2019
R,Nagasaka, Kenya,3,1,1,2,1,0,0,1,4,1,0,0,0,0,0,0,0,0,0,1,4,1,T,2019
R,Nakatani, Masahiro,62,131,116,14,21,5,0,6,44,19,0,0,2,0,12,0,1,37,0,0.181,0.379,0.264,T,2019
L,Navarro, Efren,15,45,43,1,9,2,0,0,11,2,0,0,0,0,2,0,0,9,2,0.209,0.256,0.244,T,2019
R,Nishi, Yuki,26,60,44,2,9,2,0,0,11,4,0,0,13,0,3,0,0,18,1,0.205,0.25,0.255,T,2019
L,Nomi, Atsushi,51,0,0,0,0,0,0,0,0,0,0,0,0,0,0,0,0,0,0,0,0,0,T,2019
R,Okamoto, Yosuke,3,0,0,0,0,0,0,0,0,0,0,0,0,0,0,0,0,0,0,0,0,0,T,2019
L,Onaka, Yuya,5,0,0,0,0,0,0,0,0,0,0,0,0,0,0,0,0,0,0,0,0,0,T,2019
R,Ono, Taiki,14,0,0,0,0,0,0,0,0,0,0,0,0,0,0,0,0,0,0,0,0,0,T,2019
R,Oyama, Yusuke,143,587,538,52,139,33,1,14,216,76,3,0,1,4,39,3,5,98,12,0.258,0.401,0.312,T,2019
R,Saiki, Hiroto,3,6,6,0,0,0,0,0,0,0,0,0,0,0,0,0,0,5,0,0,0,0,T,2019
L,Saito, Yukiya,1,0,0,0,0,0,0,0,0,0,0,0,0,0,0,0,0,0,0,0,0,0,T,2019
R,Sakamoto, Seishiro,20,44,40,2,7,0,0,2,13,3,0,0,3,0,1,1,0,8,2,0.175,0.325,0.195,T,2019
L,Shimada, Kairi,7,5,4,2,1,1,0,0,2,0,0,0,0,0,1,0,0,1,0,0.25,0.5,0.4,T,2019
L,Shimamoto, Hiroya,63,0,0,0,0,0,0,0,0,0,0,0,0,0,0,0,0,0,0,0,0,0,T,2019
S,Solarte, Yangervis,20,80,69,6,13,3,0,4,28,9,0,0,0,2,9,0,0,13,4,0.188,0.406,0.275,T,2019
L,Takahashi, Akifumi,1,0,0,0,0,0,0,0,0,0,0,0,0,0,0,0,0,0,0,0,0,0,T,2019
L,Takahashi, Haruto,19,31,30,1,3,0,0,0,3,0,0,0,1,0,0,0,0,13,0,0.1,0.1,0.1,T,2019
R,Takano, Keisuke,4,0,0,0,0,0,0,0,0,0,0,0,0,0,0,0,0,0,0,0,0,0,T,2019
L,Takayama, Shun,105,300,271,25,73,12,0,5,100,29,9,3,2,0,24,4,3,56,3,0.269,0.369,0.336,T,2019
R,Tanigawa, Masaki,4,0,0,0,0,0,0,0,0,0,0,0,0,0,0,0,0,0,0,0,0,0,T,2019
L,Toritani, Takashi,74,105,92,9,19,3,1,0,24,4,1,0,1,0,12,0,0,16,2,0.207,0.261,0.298,T,2019
S,Ueda, Kai,81,37,33,22,8,0,0,1,11,2,12,2,2,0,1,0,1,8,0,0.242,0.333,0.286,T,2019
R,Uemoto, Hiroki,62,119,104,10,20,4,0,1,27,6,5,0,3,1,11,0,0,37,1,0.192,0.26,0.267,T,2019
R,Umeno, Ryutaro,129,492,433,49,115,22,3,9,170,59,14,3,16,3,34,4,6,83,16,0.266,0.393,0.326,T,2019
R,Yamazaki, Noriharu,2,1,1,0,0,0,0,0,0,0,0,0,0,0,0,0,0,1,0,0,0,0,T,2019
R,Yokawa, Naomasa,28,60,55,3,6,1,0,3,16,4,0,0,1,0,4,1,0,19,2,0.109,0.291,0.169,T,2019
R,Akama, Ken,7,0,0,0,0,0,0,0,0,0,0,0,0,0,0,0,0,0,0,0,0,0,Y,2019
L,Azuma, Katsuki,7,13,10,0,1,0,0,0,1,0,0,0,2,0,1,0,0,8,0,0.1,0.1,0.182,Y,2019
R,Barrios, Edison,3,5,5,0,0,0,0,0,0,0,0,0,0,0,0,0,0,3,0,0,0,0,Y,2019
L,Escobar, Edwin,74,1,1,0,0,0,0,0,0,0,0,0,0,0,0,0,0,1,0,0,0,0,Y,2019
L,Fujioka, Yoshiaki,32,0,0,0,0,0,0,0,0,0,0,0,0,0,0,0,0,0,0,0,0,0,Y,2019
L,Hamaguchi, Haruhiro,17,27,26,0,0,0,0,0,0,0,0,0,1,0,0,0,0,16,1,0,0,0,Y,2019
L,Hamaya, Kodai,2,0,0,0,0,0,0,0,0,0,0,0,0,0,0,0,0,0,0,0,0,0,Y,2019
R,Hirata, Shingo,8,1,1,0,0,0,0,0,0,0,0,0,0,0,0,0,0,1,0,0,0,0,Y,2019
R,Hosokawa, Seiya,36,83,72,9,16,2,0,1,21,10,0,0,0,1,8,0,2,24,1,0.222,0.292,0.313,Y,2019
L,Iizuka, Satoshi,5,2,2,0,0,0,0,0,0,0,0,0,0,0,0,0,0,1,0,0,0,0,Y,2019
L,Imanaga, Shota,25,56,43,2,7,0,0,0,7,1,0,0,11,0,2,0,0,9,2,0.163,0.163,0.2,Y,2019
R,Ino, Shoichi,15,21,17,1,4,0,0,0,4,1,0,0,3,0,1,0,0,5,0,0.235,0.235,0.278,Y,2019
L,Ishida, Kenta,40,15,12,1,2,1,0,0,3,4,0,0,3,0,0,0,0,4,1,0.167,0.25,0.167,Y,2019
L,Ishikawa, Takehiro,50,113,101,14,21,3,1,2,32,5,1,3,6,0,5,0,1,34,1,0.208,0.317,0.252,Y,2019
R,Ito, Hikaru,84,301,256,30,65,8,0,8,97,27,5,5,3,2,37,6,3,45,4,0.254,0.379,0.352,Y,2019
R,Ito, Yukiya,21,57,52,7,15,4,0,4,31,7,0,0,0,1,3,0,1,17,1,0.288,0.596,0.333,Y,2019
L,Kajitani, Takayuki,41,110,93,13,20,5,0,5,40,15,3,0,1,0,16,1,0,20,1,0.215,0.43,0.33,Y,2019
R,Kamichatani, Taiga,25,48,44,4,8,0,0,0,8,4,0,0,4,0,0,0,0,15,0,0.182,0.182,0.182,Y,2019
L,Kamizato, Kazuki,123,458,427,62,119,31,3,6,174,35,15,10,3,0,26,2,2,121,7,0.279,0.407,0.323,Y,2019
R,Kasai, Takamasa,16,1,1,0,0,0,0,0,0,0,0,0,0,0,0,0,0,1,0,0,0,0,Y,2019
R,Kuniyoshi, Yuki,53,7,7,0,0,0,0,0,0,0,0,0,0,0,0,0,0,2,0,0,0,0,Y,2019
L,Kuramoto, Toshihiko,24,35,33,1,4,1,0,0,5,2,0,1,0,0,2,0,0,7,0,0.121,0.152,0.171,Y,2019
L,Kusumoto, Taishi,39,81,72,6,15,4,0,1,22,6,0,2,0,0,7,0,2,19,1,0.208,0.306,0.296,Y,2019
R,Kuwahara, Masayuki,72,115,102,14,19,3,1,2,30,7,2,0,3,0,9,0,1,26,0,0.186,0.294,0.259,Y,2019
R,Kyoyama, Masaya,9,12,9,0,0,0,0,0,0,0,0,0,3,0,0,0,0,5,0,0,0,0,Y,2019
R,Lopez, Jose,142,597,551,69,133,28,0,31,254,84,0,0,0,3,39,6,4,107,18,0.241,0.461,0.295,Y,2019
R,Maeda, Yamato,137,490,438,42,104,17,2,0,125,37,3,1,10,2,34,1,6,75,7,0.237,0.285,0.3,Y,2019
R,Matsui, Hyuma,5,5,5,0,0,0,0,0,0,0,0,0,0,0,0,0,0,1,0,0,0,0,Y,2019
R,Mikami, Tomoya,6,0,0,0,0,0,0,0,0,0,0,0,0,0,0,0,0,0,0,0,0,0,Y,2019
R,Minei, Hiroki,64,130,114,13,24,4,1,2,36,12,0,0,5,0,7,0,4,23,5,0.211,0.316,0.28,Y,2019
S,Mishima, Kazuki,71,0,0,0,0,0,0,0,0,0,0,0,0,0,0,0,0,0,0,0,0,0,Y,2019
L,Miyamoto, Shumei,1,0,0,0,0,0,0,0,0,0,0,0,0,0,0,0,0,0,0,0,0,0,Y,2019
R,Miyazaki, Toshiro,114,473,433,54,123,22,1,15,192,49,0,0,0,5,32,2,3,35,13,0.284,0.443,0.334,Y,2019
L,Momose, Hiroki,1,1,1,0,0,0,0,0,0,0,0,0,0,0,0,0,0,1,0,0,0,0,Y,2019
R,Muto, Yuta,31,2,1,0,0,0,0,0,0,0,0,0,1,0,0,0,0,1,0,0,0,0,Y,2019
R,Nakagawa, Koo,3,1,1,0,0,0,0,0,0,0,0,0,0,0,0,0,0,1,0,0,0,0,Y,2019
R,Nakagawa, Taishi,3,3,3,0,0,0,0,0,0,0,0,0,0,0,0,0,0,0,0,0,0,0,Y,2019
R,Nakai, Daisuke,79,183,161,24,40,4,0,3,53,7,2,1,3,1,18,0,0,34,9,0.248,0.329,0.322,Y,2019
L,Nakaushiro, Yuhei,4,0,0,0,0,0,0,0,0,0,0,0,0,0,0,0,0,0,0,0,0,0,Y,2019
R,Onuki, Shinichi,15,19,16,1,3,0,0,0,3,0,0,0,3,0,0,0,0,6,0,0.188,0.188,0.188,Y,2019
L,Otosaka, Tomo,97,179,159,19,39,8,2,2,57,17,6,3,3,1,14,2,2,33,3,0.245,0.358,0.313,Y,2019
R,Patton, Spencer,42,1,1,0,0,0,0,0,0,0,0,0,0,0,0,0,0,1,0,0,0,0,Y,2019
R,Saito, Shunsuke,16,2,2,0,1,0,0,0,1,0,0,0,0,0,0,0,0,1,0,0.5,0.5,0.5,Y,2019
L,Sakaguchi, Kosuke,3,2,2,0,0,0,0,0,0,0,0,0,0,0,0,0,0,2,0,0,0,0,Y,2019
L,Sakurai, Shuto,14,3,3,0,1,0,0,0,1,0,0,0,0,0,0,0,0,2,0,0.333,0.333,0.333,Y,2019
L,Sano, Keita,89,215,200,23,59,10,0,5,84,33,0,0,0,0,13,1,2,39,9,0.295,0.42,0.344,Y,2019
L,Sekine, Taiki,32,27,26,2,1,1,0,0,2,0,0,0,0,0,1,0,0,6,1,0.038,0.077,0.074,Y,2019
L,Shibata, Tatsuhiro,111,196,164,22,42,8,1,3,61,17,3,0,10,2,20,1,0,38,3,0.256,0.372,0.333,Y,2019
R,Shindo, Takuya,5,0,0,0,0,0,0,0,0,0,0,0,0,0,0,0,0,0,0,0,0,0,Y,2019
R,Solis, Sammy,4,0,0,0,0,0,0,0,0,0,0,0,0,0,0,0,0,0,0,0,0,0,Y,2019
R,Soto, Neftali,141,584,516,82,139,18,0,43,286,108,0,0,0,4,59,4,5,98,14,0.269,0.554,0.348,Y,2019
L,Sunada, Yoshiki,16,0,0,0,0,0,0,0,0,0,0,0,0,0,0,0,0,0,0,0,0,0,Y,2019
R,Taira, Kentaro,15,20,19,1,2,0,0,0,2,0,0,0,1,0,0,0,0,11,0,0.105,0.105,0.105,Y,2019
L,Tobashira, Yasutaka,45,111,100,6,20,4,2,1,31,6,0,0,2,1,7,0,1,22,2,0.2,0.31,0.257,Y,2019
L,Tsutsugo, Yoshitomo,131,557,464,74,126,24,0,29,237,79,0,0,0,3,88,5,2,141,5,0.272,0.511,0.388,Y,2019
R,Yamamoto, Yudai,13,12,12,0,4,0,0,0,4,2,0,0,0,0,0,0,0,3,0,0.333,0.333,0.333,Y,2019
R,Yamasaki, Yasuaki,61,0,0,0,0,0,0,0,0,0,0,0,0,0,0,0,0,0,0,0,0,0,Y,2019
L,Abe, Shinnosuke,95,192,158,15,47,8,0,7,76,27,0,0,0,2,28,2,4,23,1,0.297,0.481,0.411,G,2019
R,Adames, Samuel,11,0,0,0,0,0,0,0,0,0,0,0,0,0,0,0,0,0,0,0,0,0,G,2019
R,Cook, Ryan,13,1,1,0,0,0,0,0,0,0,0,0,0,0,0,0,0,1,0,0,0,0,G,2019
R,De La Rosa, Rubby,26,0,0,0,0,0,0,0,0,0,0,0,0,0,0,0,0,0,0,0,0,0,G,2019
R,Furukawa, Yuri,3,1,1,0,0,0,0,0,0,0,0,0,0,0,0,0,0,1,0,0,0,0,G,2019
R,Guerrero, Alex,101,333,287,33,68,16,2,21,151,54,1,0,1,1,40,2,4,59,5,0.237,0.526,0.337,G,2019
L,Hatake, Seishu,5,4,2,1,1,0,0,0,1,0,0,0,1,0,1,0,0,1,0,0.5,0.5,0.667,G,2019
R,Horioka, Hayato,3,0,0,0,0,0,0,0,0,0,0,0,0,0,0,0,0,0,0,0,0,0,G,2019
L,Ikeda, Shun,2,0,0,0,0,0,0,0,0,0,0,0,0,0,0,0,0,0,0,0,0,0,G,2019
L,Imamura, Nobutaka,17,26,23,2,4,0,0,0,4,1,0,0,2,0,1,0,0,9,0,0.174,0.174,0.208,G,2019
R,Ishikawa, Shingo,55,76,70,12,18,2,0,4,32,10,0,0,0,0,6,1,0,14,2,0.257,0.457,0.316,G,2019
R,Jungmann, Taylor,10,14,13,1,3,0,0,0,3,0,0,0,1,0,0,0,0,4,0,0.231,0.231,0.231,G,2019
R,Kagiya, Yohei,27,1,1,0,0,0,0,0,0,0,0,0,0,0,0,0,0,1,0,0,0,0,G,2019
L,Kamei, Yoshiyuki,131,503,450,67,128,27,2,13,198,55,9,1,3,5,45,3,0,91,6,0.284,0.44,0.346,G,2019
L,Kato, Shuhei,5,3,3,2,0,0,0,0,0,0,0,0,0,0,0,0,0,1,0,0,0,0,G,2019
R,Kishida, Yukinori,4,7,7,0,0,0,0,0,0,0,0,0,0,0,0,0,0,2,0,0,0,0,G,2019
R,Kitamura, Takumi,5,7,5,3,0,0,0,0,0,0,1,0,0,0,1,0,1,2,0,0,0,0.286,G,2019
R,Kobayashi, Seiji,92,236,213,20,52,6,0,2,64,19,1,0,11,1,7,0,4,48,12,0.244,0.3,0.28,G,2019
R,Kuwahara, Takuya,16,1,1,0,0,0,0,0,0,0,0,0,0,0,0,0,0,1,0,0,0,0,G,2019
S,Martinez, Jorge,6,8,8,0,1,1,0,0,2,1,0,0,0,0,0,0,0,5,0,0.125,0.25,0.125,G,2019
L,Maru, Yoshihiro,143,631,535,82,156,26,1,27,265,89,12,5,0,7,86,3,3,125,15,0.292,0.495,0.388,G,2019
R,Masuda, Daiki,75,58,50,20,10,2,2,0,16,6,15,2,2,0,6,0,0,11,2,0.2,0.32,0.286,G,2019
R,Mathieson, Scott,28,0,0,0,0,0,0,0,0,0,0,0,0,0,0,0,0,0,0,0,0,0,G,2019
S,Mercedes, Cristopher Crisostomo,22,42,36,1,3,0,0,0,3,0,0,0,5,0,1,0,0,16,0,0.083,0.083,0.108,G,2019
R,Miyaguni, Ryosuke,29,2,2,0,0,0,0,0,0,0,0,0,0,0,0,0,0,2,0,0,0,0,G,2019
L,Morifuku, Masahiko,7,0,0,0,0,0,0,0,0,0,0,0,0,0,0,0,0,0,0,0,0,0,G,2019
L,Nakagawa, Kota,67,0,0,0,0,0,0,0,0,0,0,0,0,0,0,0,0,0,0,0,0,0,G,2019
R,Nakajima, Hiroyuki,43,65,54,5,8,4,0,1,15,5,1,0,0,1,9,0,1,21,1,0.148,0.278,0.277,G,2019
R,Nogami, Ryoma,13,2,2,0,0,0,0,0,0,0,0,0,0,0,0,0,0,2,0,0,0,0,G,2019
L,Oe, Ryusei,8,1,0,0,0,0,0,0,0,0,0,0,1,0,0,0,0,0,0,0,0,0,G,2019
R,Okamoto, Kazuma,143,628,555,84,147,29,0,31,269,94,3,0,2,3,62,3,6,132,15,0.265,0.485,0.343,G,2019
L,Oshiro, Takumi,109,329,294,19,78,16,1,6,114,30,0,1,5,1,25,0,4,80,7,0.265,0.388,0.33,G,2019
R,Otake, Kan,32,0,0,0,0,0,0,0,0,0,0,0,0,0,0,0,0,0,0,0,0,0,G,2019
R,Sakamoto, Hayato,143,639,555,103,173,26,0,40,319,94,5,3,3,2,77,6,2,123,9,0.312,0.575,0.396,G,2019
R,Sakamoto, Koki,2,0,0,0,0,0,0,0,0,0,0,0,0,0,0,0,0,0,0,0,0,0,G,2019
R,Sakurai, Toshiki,29,29,23,0,2,0,0,0,2,0,0,0,4,0,2,0,0,13,0,0.087,0.087,0.16,G,2019
R,Sawamura, Hirokazu,43,2,1,0,0,0,0,0,0,0,0,0,1,0,0,0,0,1,0,0,0,0,G,2019
L,Shigenobu, Shinnosuke,106,174,158,25,42,7,2,2,59,16,14,3,2,3,11,1,0,43,1,0.266,0.373,0.308,G,2019
R,Sugano, Tomoyuki,22,53,46,2,4,1,0,0,5,3,0,0,7,0,0,0,0,16,0,0.087,0.109,0.087,G,2019
R,Sumitani, Ginjiro,58,138,126,17,33,4,0,6,55,26,0,0,2,1,7,1,2,28,4,0.262,0.437,0.309,G,2019
L,Taguchi, Kazuto,55,3,2,0,0,0,0,0,0,0,0,0,1,0,0,0,0,2,0,0,0,0,G,2019
L,Tahara, Seiji,25,0,0,0,0,0,0,0,0,0,0,0,0,0,0,0,0,0,0,0,0,0,G,2019
L,Takagi, Kyosuke,55,4,4,0,0,0,0,0,0,0,0,0,0,0,0,0,0,1,0,0,0,0,G,2019
L,Takahashi, Yuki,18,34,32,1,3,0,0,0,3,1,0,0,2,0,0,0,0,20,1,0.094,0.094,0.094,G,2019
R,Takata, Hosei,2,1,1,0,0,0,0,0,0,0,0,0,0,0,0,0,0,1,0,0,0,0,G,2019
L,Tanaka, Shunta,62,176,156,17,35,7,0,4,54,14,2,0,4,2,14,0,0,36,2,0.224,0.346,0.285,G,2019
L,Tanaka, Takaya,1,0,0,0,0,0,0,0,0,0,0,0,0,0,0,0,0,0,0,0,0,0,G,2019
L,Tateoka, Soichiro,25,16,14,4,4,2,0,0,6,1,3,0,0,0,2,0,0,4,0,0.286,0.429,0.375,G,2019
R,Togo, Shosei,2,3,3,0,0,0,0,0,0,0,0,0,0,0,0,0,0,2,0,0,0,0,G,2019
L,Tone, Chiaki,26,1,0,0,0,0,0,0,0,0,0,0,1,0,0,0,0,0,0,0,0,0,G,2019
L,Usami, Shingo,3,4,4,0,1,0,0,0,1,0,0,0,0,0,0,0,0,0,0,0.25,0.25,0.25,G,2019
R,Villanueva, Christian,73,235,202,24,45,9,0,8,78,24,2,0,1,1,25,0,6,52,5,0.223,0.386,0.325,G,2019
S,Wakabayashi, Akihiro,77,273,234,34,56,9,1,5,82,21,11,2,4,1,32,1,2,51,3,0.239,0.35,0.335,G,2019
R,Yamaguchi, Shun,26,69,56,2,4,2,0,0,6,2,0,0,10,0,3,0,0,34,1,0.071,0.107,0.119,G,2019
R,Yamamoto, Yasuhiro,92,212,177,31,41,7,3,2,60,10,2,0,6,0,22,1,7,51,3,0.232,0.339,0.34,G,2019
L,Yamashita, Kota,12,13,12,1,2,1,0,0,3,0,0,0,0,0,1,0,0,2,0,0.167,0.25,0.231,G,2019
R,Yoh, Daikan,110,231,208,28,57,8,1,4,79,21,0,1,0,0,22,0,1,66,9,0.274,0.38,0.346,G,2019
R,Yoshikawa, Daiki,10,10,9,0,0,0,0,0,0,0,0,0,0,0,1,0,0,3,1,0,0,0.1,G,2019
L,Yoshikawa, Mitsuo,9,0,0,0,0,0,0,0,0,0,0,0,0,0,0,0,0,0,0,0,0,0,G,2019
L,Yoshikawa, Naoki,11,46,41,7,16,1,0,0,17,3,1,2,2,0,3,0,0,4,1,0.39,0.415,0.432,G,2019
L,Aoki, Norichika,134,565,489,84,145,19,2,16,216,58,1,2,1,3,61,2,11,72,13,0.297,0.442,0.385,S,2019
R,Araki, Takahiro,93,140,124,12,31,6,0,2,43,22,1,0,0,1,13,1,2,29,1,0.25,0.347,0.329,S,2019
R,Balentien, Wladimir,120,468,410,65,115,13,0,33,227,93,0,1,0,3,54,3,1,117,11,0.28,0.554,0.363,S,2019
R,Buchanan, David,18,32,27,2,2,0,0,0,2,0,0,0,3,0,2,0,0,15,0,0.074,0.074,0.138,S,2019
L,Fujii, Ryota,6,17,13,1,1,0,0,0,1,0,1,0,1,0,3,0,0,3,0,0.077,0.077,0.25,S,2019
R,Hamada, Taiki,2,5,5,0,0,0,0,0,0,0,0,0,0,0,0,0,0,3,0,0,0,0,S,2019
R,Hara, Juri,12,26,22,2,6,1,0,0,7,1,0,0,2,0,2,0,0,8,0,0.273,0.318,0.333,S,2019
R,Hatakeyama, Kazuhiro,1,1,1,0,1,0,0,0,1,0,0,0,0,0,0,0,0,0,0,1,1,1,S,2019
R,Hirai, Ryo,20,0,0,0,0,0,0,0,0,0,0,0,0,0,0,0,0,0,0,0,0,0,S,2019
R,Hirooka, Taishi,91,243,202,32,41,6,1,10,79,25,1,1,5,1,33,0,2,77,4,0.203,0.391,0.319,S,2019
R,Hoshi, Tomoya,10,2,2,0,0,0,0,0,0,0,0,0,0,0,0,0,0,0,0,0,0,0,S,2019
S,Huff, Dave,68,1,0,0,0,0,0,0,0,0,0,0,1,0,0,0,0,0,0,0,0,0,S,2019
R,Igarashi, Ryota,45,0,0,0,0,0,0,0,0,0,0,0,0,0,0,0,0,0,0,0,0,0,S,2019
R,Ino, Suguru,7,11,10,1,2,1,0,0,3,0,0,0,1,0,0,0,0,4,1,0.2,0.3,0.2,S,2019
L,Ishikawa, Masanori,23,41,34,3,8,0,0,0,8,4,0,0,6,0,1,0,0,8,0,0.235,0.235,0.257,S,2019
R,Ishiyama, Taichi,34,0,0,0,0,0,0,0,0,0,0,0,0,0,0,0,0,0,0,0,0,0,S,2019
L,Kawabata, Shingo,37,67,61,5,10,1,0,0,11,7,0,0,0,1,5,0,0,8,2,0.164,0.18,0.224,S,2019
R,Kazahari, Ren,15,1,0,0,0,0,0,0,0,0,0,0,1,0,0,0,0,0,0,0,0,0,S,2019
R,Koga, Yudai,11,17,15,1,3,0,0,0,3,0,0,0,1,0,1,0,0,2,0,0.2,0.2,0.25,S,2019
R,Kondo, Kazuki,59,0,0,0,0,0,0,0,0,0,0,0,0,0,0,0,0,0,0,0,0,0,S,2019
L,Kubo, Takuma,16,0,0,0,0,0,0,0,0,0,0,0,0,0,0,0,0,0,0,0,0,0,S,2019
R,Kuramoto, Harutaka,8,0,0,0,0,0,0,0,0,0,0,0,0,0,0,0,0,0,0,0,0,0,S,2019
R,Matsumoto, Naoki,33,73,66,5,14,1,0,1,18,4,0,0,3,0,3,0,1,9,2,0.212,0.273,0.257,S,2019
R,McGough, Scott,65,1,1,0,0,0,0,0,0,0,0,0,0,0,0,0,0,1,0,0,0,0,S,2019
L,Miyamoto, Takeshi,26,47,42,5,6,0,0,0,6,0,2,1,1,0,4,0,0,19,2,0.143,0.143,0.217,S,2019
L,Murakami, Munetaka,143,593,511,76,118,20,0,36,246,96,5,4,0,3,74,5,5,184,9,0.231,0.481,0.332,S,2019
R,Nakamura, Yuhei,126,450,372,42,100,24,2,5,143,36,1,4,13,2,53,3,10,64,11,0.269,0.384,0.373,S,2019
L,Nakao, Hikaru,12,0,0,0,0,0,0,0,0,0,0,0,0,0,0,0,0,0,0,0,0,0,S,2019
R,Nakayama, Shota,35,100,97,11,28,4,0,5,47,14,0,0,0,0,3,0,0,25,2,0.289,0.485,0.31,S,2019
L,Nakazawa, Masato,1,0,0,0,0,0,0,0,0,0,0,0,0,0,0,0,0,0,0,0,0,0,S,2019
R,Nishida, Akihisa,47,62,54,2,11,5,0,0,16,4,0,0,0,0,8,1,0,16,1,0.204,0.296,0.306,S,2019
R,Nishiura, Naomichi,44,162,149,17,35,9,0,4,56,19,0,0,2,0,10,0,1,35,6,0.235,0.376,0.288,S,2019
R,Obiki, Keiji,70,137,119,7,24,7,0,1,34,13,1,0,4,1,13,2,0,28,4,0.202,0.286,0.278,S,2019
R,Ogawa, Yasuhiro,26,52,45,3,4,3,0,0,7,5,0,0,2,0,5,0,0,20,0,0.089,0.156,0.18,S,2019
L,Okumura, Nobuyuki,74,195,166,15,33,8,1,1,46,12,0,2,10,0,16,1,3,47,2,0.199,0.277,0.281,S,2019
L,Omura, Hajime,5,5,5,1,1,0,0,1,4,1,0,0,0,0,0,0,0,0,0,0.2,0.8,0.2,S,2019
L,Oshita, Yuma,31,0,0,0,0,0,0,0,0,0,0,0,0,0,0,0,0,0,0,0,0,0,S,2019
L,Ota, Kengo,90,337,303,36,76,13,1,3,100,27,0,0,8,1,23,0,2,78,5,0.251,0.33,0.307,S,2019
L,Sakaguchi, Tomotaka,22,77,64,2,8,1,0,0,9,2,0,0,1,0,10,0,2,13,2,0.125,0.141,0.263,S,2019
L,Sakamoto, Koshiro,19,0,0,0,0,0,0,0,0,0,0,0,0,0,0,0,0,0,0,0,0,0,S,2019
L,Shimizu, Noboru,11,3,3,0,0,0,0,0,0,0,0,0,0,0,0,0,0,3,0,0,0,0,S,2019
R,Shiomi, Yasutaka,45,98,88,20,16,2,2,1,25,7,4,1,0,0,8,0,2,24,1,0.182,0.284,0.265,S,2019
R,Suarez, Albert,4,8,8,0,1,0,0,0,1,0,0,0,0,0,0,0,0,6,0,0.125,0.125,0.125,S,2019
L,Tagawa, Kengo,4,6,5,0,0,0,0,0,0,0,0,0,1,0,0,0,0,3,0,0,0,0,S,2019
L,Takahashi, Keiji,20,32,30,2,6,1,0,0,7,4,0,0,2,0,0,0,0,10,0,0.2,0.233,0.2,S,2019
L,Takai, Yuhei,131,493,447,55,122,19,0,12,177,56,4,3,1,6,37,4,2,71,4,0.273,0.396,0.327,S,2019
R,Takanashi, Hirotoshi,21,19,18,0,1,0,0,0,1,0,0,0,1,0,0,0,0,8,1,0.056,0.056,0.056,S,2019
L,Tashiro, Shotaro,51,21,19,7,5,1,2,0,10,7,1,1,0,1,0,0,1,6,0,0.263,0.526,0.286,S,2019
R,Tateyama, Shohei,2,0,0,0,0,0,0,0,0,0,0,0,0,0,0,0,0,0,0,0,0,0,S,2019
R,Terahara, Hayato,4,6,5,1,0,0,0,0,0,0,0,0,0,0,1,0,0,2,0,0,0,0.167,S,2019
L,Terashima, Naruki,3,1,0,1,0,0,0,0,0,0,0,0,0,0,1,0,0,0,0,0,0,1,S,2019
L,Ueda, Tsuyoshi,56,57,51,9,12,0,0,0,12,4,1,1,3,1,1,0,1,7,1,0.235,0.235,0.259,S,2019
R,Umeno, Yugo,68,1,0,0,0,0,0,0,0,0,0,0,1,0,0,0,0,0,0,0,0,0,S,2019
R,Watanabe, Daiki,16,9,7,5,1,0,0,1,4,1,1,0,1,0,0,0,1,2,0,0.143,0.571,0.25,S,2019
L,Yagi, Shogo,1,0,0,0,0,0,0,0,0,0,0,0,0,0,0,0,0,0,0,0,0,0,S,2019
L,Yamada, Hiroki,14,24,22,1,0,0,0,0,0,0,0,0,1,0,1,0,0,17,1,0,0,0.043,S,2019
R,Yamada, Tetsuto,142,641,520,102,141,35,5,35,291,98,33,3,0,5,110,7,6,121,14,0.271,0.56,0.401,S,2019
R,Yamanaka, Hirofumi,4,1,1,0,1,0,0,0,1,0,0,0,0,0,0,0,0,0,0,1,1,1,S,2019
L,Yamasaki, Kotaro,80,185,168,20,46,4,3,0,56,8,4,0,6,0,10,0,1,39,4,0.274,0.333,0.318,S,2019
L,Yoshida, Taisei,13,39,32,3,6,1,0,0,7,2,1,1,1,0,4,0,2,8,1,0.188,0.219,0.316,S,2019
L,Abe, Tomohiro,114,295,264,23,67,12,0,8,103,28,5,2,6,1,23,0,1,60,9,0.254,0.39,0.315,C,2019
R,Aduwa, Makoto,19,28,25,2,2,0,0,0,2,1,0,0,3,0,0,0,0,19,0,0.08,0.08,0.08,C,2019
R,Aizawa, Tsubasa,126,447,376,38,104,21,2,12,165,63,2,1,3,0,58,5,10,81,6,0.277,0.439,0.387,C,2019
R,Akamatsu, Masato,1,0,0,0,0,0,0,0,0,0,0,0,0,0,0,0,0,0,0,0,0,0,C,2019
R,Batista, Xavier,103,423,372,54,100,11,1,26,191,64,0,0,0,3,45,2,3,108,6,0.269,0.513,0.35,C,2019
R,Chono, Hisayoshi,72,197,180,13,45,7,1,5,69,20,0,2,0,1,15,2,1,40,11,0.25,0.383,0.31,C,2019
R,Dobayashi, Shota,28,38,34,1,7,0,1,0,9,2,0,0,2,0,2,0,0,9,0,0.206,0.265,0.25,C,2019
R,Endo, Atsushi,34,2,2,0,0,0,0,0,0,0,0,0,0,0,0,0,0,2,0,0,0,0,C,2019
L,Franzua, Geronimo,67,0,0,0,0,0,0,0,0,0,0,0,0,0,0,0,0,0,0,0,0,0,C,2019
L,Fujii, Koya,4,0,0,0,0,0,0,0,0,0,0,0,0,0,0,0,0,0,0,0,0,0,C,2019
R,Hellweg, Johnny,5,0,0,0,0,0,0,0,0,0,0,0,0,0,0,0,0,0,0,0,0,0,C,2019
L,Horie, Atsuya,11,2,2,0,1,0,0,0,1,0,0,0,0,0,0,0,0,0,0,0.5,0.5,0.5,C,2019
R,Ichioka, Ryuji,33,0,0,0,0,0,0,0,0,0,0,0,0,0,0,0,0,0,0,0,0,0,C,2019
R,Imamura, Takeru,27,0,0,0,0,0,0,0,0,0,0,0,0,0,0,0,0,0,0,0,0,0,C,2019
R,Ishihara, Yoshiyuki,31,67,56,3,11,2,0,1,16,5,0,0,5,1,5,0,0,18,1,0.196,0.286,0.258,C,2019
R,Isomura, Yoshitaka,65,117,108,10,30,9,0,4,51,21,0,1,3,1,5,0,0,24,3,0.278,0.472,0.307,C,2019
L,Iwamoto, Takahiro,1,1,1,0,0,0,0,0,0,0,0,0,0,0,0,0,0,1,0,0,0,0,C,2019
L,Johnson, Kris,27,48,44,1,5,0,0,0,5,3,0,0,2,0,2,0,0,15,5,0.114,0.114,0.152,C,2019
R,Kemna, Makoto,1,0,0,0,0,0,0,0,0,0,0,0,0,0,0,0,0,0,0,0,0,0,C,2019
R,Kikuchi, Ryosuke,138,619,547,77,143,36,2,13,222,48,14,5,28,2,41,0,1,102,5,0.261,0.406,0.313,C,2019
L,Kikuchi, Yasunori,58,0,0,0,0,0,0,0,0,0,0,0,0,0,0,0,0,0,0,0,0,0,C,2019
R,Kokubo, Tetsuya,51,125,114,5,28,3,0,1,34,5,0,0,1,0,10,2,0,19,3,0.246,0.298,0.306,C,2019
L,Kozono, Kaito,58,197,188,17,40,9,0,4,61,16,1,0,2,0,6,1,1,42,1,0.213,0.324,0.241,C,2019
R,Kuri, Aren,27,41,36,1,1,0,0,0,1,0,0,0,4,0,1,0,0,23,0,0.028,0.028,0.054,C,2019
R,Lawrence, Casey,1,1,1,0,0,0,0,0,0,0,0,0,0,0,0,0,0,1,0,0,0,0,C,2019
L,Matsuyama, Ryuhei,110,327,294,21,76,14,1,6,110,49,0,0,0,2,29,1,2,42,7,0.259,0.374,0.327,C,2019
R,Mejia, Alejandro,56,173,162,13,42,6,0,7,69,17,0,0,0,0,11,3,0,46,2,0.259,0.426,0.306,C,2019
R,Miyoshi, Takumi,43,92,77,9,14,1,0,2,21,7,1,0,6,0,9,2,0,28,1,0.182,0.273,0.267,C,2019
L,Montilla, Emailin,2,1,1,0,0,0,0,0,0,0,0,0,0,0,0,0,0,1,0,0,0,0,C,2019
R,Nagakawa, Katsuhiro,1,0,0,0,0,0,0,0,0,0,0,0,0,0,0,0,0,0,0,0,0,0,C,2019
L,Nakamura, Kyohei,43,1,1,0,0,0,0,0,0,0,0,0,0,0,0,0,0,0,0,0,0,0,C,2019
R,Nakamura, Yuta,2,1,1,0,0,0,0,0,0,0,0,0,0,0,0,0,0,0,0,0,0,0,C,2019
R,Nakata, Ren,8,0,0,0,0,0,0,0,0,0,0,0,0,0,0,0,0,0,0,0,0,0,C,2019
R,Nakazaki, Shota,36,0,0,0,0,0,0,0,0,0,0,0,0,0,0,0,0,0,0,0,0,0,C,2019
L,Nishikawa, Ryoma,138,585,535,70,159,23,3,16,236,64,6,7,11,5,32,4,2,81,9,0.297,0.441,0.336,C,2019
L,Noma, Takayoshi,123,353,314,52,78,10,5,2,104,16,14,2,6,1,27,3,5,56,5,0.248,0.331,0.317,C,2019
R,Nomura, Yusuke,18,32,24,0,1,1,0,0,2,1,0,0,7,0,1,0,0,10,0,0.042,0.083,0.08,C,2019
L,Okada, Akitake,3,2,1,0,0,0,0,0,0,0,0,0,0,0,1,0,0,0,0,0,0,0.5,C,2019
R,Osera, Daichi,26,60,47,3,6,1,0,0,7,0,0,0,7,0,6,0,0,31,0,0.128,0.149,0.226,C,2019
L,Regnault, Kyle,52,1,1,0,0,0,0,0,0,0,0,0,0,0,0,0,0,1,0,0,0,0,C,2019
L,Sakakura, Shogo,51,64,61,4,14,4,0,1,21,7,0,0,0,0,3,0,0,19,0,0.23,0.344,0.266,C,2019
R,Santana, Juan,13,34,33,1,6,0,0,0,6,5,0,0,0,0,1,0,0,5,2,0.182,0.182,0.206,C,2019
R,Shimauchi, Sotaro,25,1,0,0,0,0,0,0,0,0,0,0,1,0,0,0,0,0,0,0,0,0,C,2019
R,Shimozuru, Ko,2,4,4,0,0,0,0,0,0,0,0,0,0,0,0,0,0,2,1,0,0,0,C,2019
L,Sone, Kaisei,64,31,25,17,5,0,0,0,5,2,5,2,2,0,3,1,1,10,0,0.2,0.2,0.31,C,2019
R,Suzuki, Seiya,140,612,499,112,167,31,0,28,282,87,25,16,0,3,103,12,7,81,3,0.335,0.565,0.453,C,2019
R,Takahashi, Hiroki,27,48,43,5,12,1,1,1,18,3,0,1,1,0,4,0,0,11,0,0.279,0.419,0.34,C,2019
L,Tanaka, Kosuke,97,355,311,33,60,13,0,3,82,27,8,3,4,6,32,2,2,89,4,0.193,0.264,0.268,C,2019
L,Tokoda, Hiroki,25,49,39,1,5,1,0,0,6,1,0,0,6,0,4,0,0,16,1,0.128,0.154,0.209,C,2019
S,Uemoto, Takashi,31,22,21,5,3,0,0,0,3,0,0,1,1,0,0,0,0,5,1,0.143,0.143,0.143,C,2019
R,Yabuta, Kazuki,4,2,2,0,0,0,0,0,0,0,0,0,0,0,0,0,0,2,0,0,0,0,C,2019
R,Yamaguchi, Sho,9,5,5,0,0,0,0,0,0,0,0,0,0,0,0,0,0,5,0,0,0,0,C,2019
R,Yasaki, Takuya,5,1,1,0,0,0,0,0,0,0,0,0,0,0,0,0,0,1,0,0,0,0,C,2019
R,Adachi, Yuichi,21,47,39,4,6,1,0,2,13,4,0,0,5,1,1,0,1,12,0,0.154,0.333,0.19,E,2019
L,Akaminai, Ginji,141,590,529,56,161,24,1,5,202,56,2,5,4,1,52,2,4,58,19,0.304,0.382,0.37,E,2019
L,Anraku, Tomohiro,9,0,0,0,0,0,0,0,0,0,0,0,0,0,0,0,0,0,0,0,0,0,E,2019
R,Aoyama, Koji,62,0,0,0,0,0,0,0,0,0,0,0,0,0,0,0,0,0,0,0,0,0,E,2019
R,Asamura, Hideto,143,635,529,93,139,26,2,33,268,92,1,1,0,9,93,9,4,162,12,0.263,0.507,0.372,E,2019
R,Blash, Jabari,128,527,426,66,111,20,0,33,230,95,2,3,0,3,81,2,17,157,7,0.261,0.54,0.397,E,2019
R,Busenitz, Alan,54,0,0,0,0,0,0,0,0,0,0,0,0,0,0,0,0,0,0,0,0,0,E,2019
R,Fernando, Luciano,16,39,34,1,8,1,0,0,9,7,0,0,1,1,2,0,1,10,1,0.235,0.265,0.289,E,2019
R,Fujihira, Shoma,3,0,0,0,0,0,0,0,0,0,0,0,0,0,0,0,0,0,0,0,0,0,E,2019
L,Fujita, Kazuya,61,136,124,13,32,4,0,2,42,10,1,0,4,0,7,1,1,16,1,0.258,0.339,0.303,E,2019
R,Fukui, Yuya,8,0,0,0,0,0,0,0,0,0,0,0,0,0,0,0,0,0,0,0,0,0,E,2019
R,Fukuyama, Hiroyuki,7,0,0,0,0,0,0,0,0,0,0,0,0,0,0,0,0,0,0,0,0,0,E,2019
R,Furukawa, Yuri,8,1,1,0,0,0,0,0,0,0,0,0,0,0,0,0,0,1,0,0,0,0,E,2019
L,Hashimoto, Itaru,11,10,9,1,0,0,0,0,0,0,1,0,0,0,1,0,0,3,0,0,0,0.1,E,2019
L,Herrmann, Frank,50,0,0,0,0,0,0,0,0,0,0,0,0,0,0,0,0,0,0,0,0,0,E,2019
L,Horiuchi, Kengo,65,140,122,6,19,2,2,0,25,13,0,0,11,0,5,1,2,41,2,0.156,0.205,0.202,E,2019
R,Imae, Toshiaki,26,79,76,7,21,2,0,1,26,7,0,1,0,0,3,0,0,16,6,0.276,0.342,0.304,E,2019
L,Ishibashi, Ryota,28,3,3,1,0,0,0,0,0,0,0,0,0,0,0,0,0,2,0,0,0,0,E,2019
R,Ishihara, Tsuyoshi,4,7,7,0,0,0,0,0,0,0,0,0,0,0,0,0,0,5,0,0,0,0,E,2019
R,Kamata, Yoshinao,5,0,0,0,0,0,0,0,0,0,0,0,0,0,0,0,0,0,0,0,0,0,E,2019
L,Karashima, Wataru,27,3,3,0,0,0,0,0,0,0,0,0,0,0,0,0,0,2,0,0,0,0,E,2019
R,Kishi, Takayuki,15,5,5,0,0,0,0,0,0,0,0,0,0,0,0,0,0,5,0,0,0,0,E,2019
R,Kondo, Hiroki,2,0,0,0,0,0,0,0,0,0,0,0,0,0,0,0,0,0,0,0,0,0,E,2019
R,Konno, Ryuta,4,0,0,0,0,0,0,0,0,0,0,0,0,0,0,0,0,0,0,0,0,0,E,2019
R,Kubo, Yuya,22,0,0,0,0,0,0,0,0,0,0,0,0,0,0,0,0,0,0,0,0,0,E,2019
L,Kumabara, Kento,1,0,0,0,0,0,0,0,0,0,0,0,0,0,0,0,0,0,0,0,0,0,E,2019
L,Matsui, Yuki,68,0,0,0,0,0,0,0,0,0,0,0,0,0,0,0,0,0,0,0,0,0,E,2019
L,Mima, Manabu,25,4,4,1,1,0,0,0,1,0,0,0,0,0,0,0,0,1,0,0.25,0.25,0.25,E,2019
R,Miyoshi, Takumi,17,4,4,0,1,0,0,0,1,1,1,0,0,0,0,0,0,1,0,0.25,0.25,0.25,E,2019
L,Mogi, Eigoro,141,648,568,86,160,28,6,13,239,55,7,5,9,2,66,1,3,121,7,0.282,0.421,0.358,E,2019
L,Morihara, Kohei,64,0,0,0,0,0,0,0,0,0,0,0,0,0,0,0,0,0,0,0,0,0,E,2019
R,Murabayashi, Itsuki,49,25,24,2,2,1,0,0,3,0,0,1,1,0,0,0,0,5,1,0.083,0.125,0.083,E,2019
R,Nishimaki, Kenji,2,1,1,0,0,0,0,0,0,0,0,0,0,0,0,0,0,1,0,0,0,0,E,2019
L,Nishimiya, Yusuke,14,0,0,0,0,0,0,0,0,0,0,0,0,0,0,0,0,0,0,0,0,0,E,2019
L,Norimoto, Takahiro,12,0,0,0,0,0,0,0,0,0,0,0,0,0,0,0,0,0,0,0,0,0,E,2019
L,Ogo, Yuya,22,34,29,7,5,2,0,1,10,4,0,0,1,0,4,0,0,11,0,0.172,0.345,0.273,E,2019
R,Okoye, Louis,52,122,110,12,20,4,0,3,33,15,5,1,2,1,6,0,3,29,3,0.182,0.3,0.242,E,2019
R,Ono, Fumiya,13,0,0,0,0,0,0,0,0,0,0,0,0,0,0,0,0,0,0,0,0,0,E,2019
R,Ota, Hikaru,55,112,96,10,21,2,0,1,26,6,1,0,8,0,7,0,1,23,2,0.219,0.271,0.279,E,2019
L,Sato, Yoshinori,1,0,0,0,0,0,0,0,0,0,0,0,0,0,0,0,0,0,0,0,0,0,E,2019
R,Shima, Motohiro,57,131,110,12,23,5,0,3,37,15,0,0,7,0,13,0,1,20,3,0.209,0.336,0.298,E,2019
R,Shimai, Hirohito,10,2,1,4,0,0,0,0,0,0,1,1,0,0,1,0,0,0,0,0,0,0.5,E,2019
L,Shimauchi, Hiroaki,133,585,506,68,145,21,5,10,206,57,3,4,9,1,58,0,11,65,11,0.287,0.407,0.372,E,2019
R,Shimozuru, Ko,50,101,88,12,22,2,0,2,30,6,0,1,2,0,10,0,1,28,1,0.25,0.341,0.333,E,2019
L,Shiomi, Takahiro,9,2,2,0,0,0,0,0,0,0,0,0,0,0,0,0,0,1,0,0,0,0,E,2019
L,Sugahara, Shu,9,0,0,0,0,0,0,0,0,0,0,0,0,0,0,0,0,0,0,0,0,0,E,2019
L,Sung, Chia-Hao,48,0,0,0,0,0,0,0,0,0,0,0,0,0,0,0,0,0,0,0,0,0,E,2019
L,Takanashi, Yuhei,48,0,0,0,0,0,0,0,0,0,0,0,0,0,0,0,0,0,0,0,0,0,E,2019
S,Tanaka, Kazuki,59,193,160,22,30,6,2,1,43,9,3,7,5,2,26,1,0,37,3,0.188,0.269,0.298,E,2019
L,Tatsumi, Ryosuke,124,369,314,42,72,12,2,4,100,25,13,3,10,2,39,1,4,101,4,0.229,0.318,0.32,E,2019
R,Teraoka, Kanji,1,0,0,0,0,0,0,0,0,0,0,0,0,0,0,0,0,0,0,0,0,0,E,2019
R,Tomura, Kenji,6,1,1,0,0,0,0,0,0,0,0,0,0,0,0,0,0,0,0,0,0,0,E,2019
R,Uchida, Yasuhito,2,5,2,0,0,0,0,0,0,0,0,0,0,0,2,0,1,0,0,0,0,0.6,E,2019
R,Wada, Ren,31,113,107,7,27,4,1,2,39,11,0,0,1,1,3,0,1,32,4,0.252,0.364,0.277,E,2019
R,Watanabe, Naoto,19,19,16,1,1,0,0,1,4,1,0,0,1,0,1,0,1,7,0,0.063,0.25,0.167,E,2019
L,Watanabe, Yoshiaki,77,245,218,15,49,8,1,1,62,26,0,0,11,1,14,1,1,40,5,0.225,0.284,0.274,E,2019
L,Watanabe, Yuki,1,0,0,0,0,0,0,0,0,0,0,0,0,0,0,0,0,0,0,0,0,0,E,2019
R,Wheeler, Zelous,117,472,411,53,100,15,0,19,172,67,3,5,0,10,43,0,8,96,22,0.243,0.418,0.32,E,2019
L,Yamasaki, Tsuyoshi,16,30,27,4,9,4,0,1,16,2,4,0,3,0,0,0,0,5,0,0.333,0.593,0.333,E,2019
L,Yamashita, Ayatsugu,31,66,60,8,11,1,0,3,21,5,0,0,3,0,1,0,2,13,0,0.183,0.35,0.222,E,2019
L,Yuge, Hayato,8,0,0,0,0,0,0,0,0,0,0,0,0,0,0,0,0,0,0,0,0,0,E,2019
R,Abe, Kazunari,4,0,0,0,0,0,0,0,0,0,0,0,0,0,0,0,0,0,0,0,0,0,M,2019
R,Ariyoshi, Yuki,2,0,0,0,0,0,0,0,0,0,0,0,0,0,0,0,0,0,0,0,0,0,M,2019
R,Azuma, Yusuke,24,0,0,0,0,0,0,0,0,0,0,0,0,0,0,0,0,0,0,0,0,0,M,2019
R,Bolsinger, Mike,20,2,2,0,0,0,0,0,0,0,0,0,0,0,0,0,0,1,0,0,0,0,M,2019
L,Chen, Kuan-Yu,44,0,0,0,0,0,0,0,0,0,0,0,0,0,0,0,0,0,0,0,0,0,M,2019
L,Dohi, Seiya,6,4,4,0,0,0,0,0,0,0,0,0,0,0,0,0,0,4,0,0,0,0,M,2019
R,Emura, Naoya,23,35,31,3,3,0,0,1,6,4,0,0,2,0,2,0,0,10,2,0.097,0.194,0.152,M,2019
L,Fujioka, Yudai,81,278,250,36,66,14,1,2,88,21,3,1,10,2,16,0,0,33,4,0.264,0.352,0.306,M,2019
L,Fujiwara, Kyota,6,19,19,0,2,0,0,0,2,2,0,0,0,0,0,0,0,6,0,0.105,0.105,0.105,M,2019
L,Fukuura, Kazuya,1,4,4,0,0,0,0,0,0,0,0,0,0,0,0,0,0,0,0,0,0,0,M,2019
R,Futaki, Kota,22,6,5,1,0,0,0,0,0,0,0,0,0,0,1,0,0,4,0,0,0,0.167,M,2019
L,Hirasawa, Taiga,51,108,91,10,18,3,1,1,26,8,0,2,5,0,12,0,0,28,0,0.198,0.286,0.291,M,2019
R,Hosokawa, Toru,31,8,6,0,2,0,0,0,2,1,0,0,2,0,0,0,0,1,0,0.333,0.333,0.333,M,2019
R,Hosoya, Kei,29,20,19,3,3,1,0,0,4,1,0,0,0,0,1,0,0,7,0,0.158,0.211,0.2,M,2019
R,Inoue, Seiya,129,509,429,60,108,16,1,24,198,65,0,0,0,3,67,1,9,98,10,0.252,0.462,0.362,M,2019
R,Ishikawa, Ayumu,27,1,1,0,0,0,0,0,0,0,0,0,0,0,0,0,0,1,0,0,0,0,M,2019
R,Ishizaki, Tsuyoshi,2,0,0,0,0,0,0,0,0,0,0,0,0,0,0,0,0,0,0,0,0,0,M,2019
R,Iwashita, Daiki,21,3,2,0,0,0,0,0,0,0,0,0,1,0,0,0,0,2,0,0,0,0,M,2019
R,Kakinuma, Tomoya,34,73,54,5,9,0,0,1,12,2,0,0,10,0,4,0,5,20,0,0.167,0.222,0.286,M,2019
L,Kakunaka, Katsuya,108,435,368,47,95,17,1,8,138,48,2,2,3,4,55,2,5,63,10,0.258,0.375,0.359,M,2019
R,Karakawa, Yuki,40,0,0,0,0,0,0,0,0,0,0,0,0,0,0,0,0,0,0,0,0,0,M,2019
S,Kato, Shohei,60,120,109,12,22,3,1,4,39,9,4,2,2,0,7,0,2,32,2,0.202,0.358,0.263,M,2019
L,Katsuki, Kazuya,26,33,33,3,5,0,0,1,8,3,0,0,0,0,0,0,0,9,0,0.152,0.242,0.152,M,2019
R,Kiyota, Ikuhiro,117,377,336,49,85,8,2,10,127,57,1,3,2,2,35,1,2,77,6,0.253,0.378,0.325,M,2019
R,Laird, Brandon,139,553,487,59,121,18,0,32,235,89,0,0,0,3,55,2,8,128,18,0.248,0.483,0.333,M,2019
R,Lee, Tu-Hsuan,1,1,1,0,0,0,0,0,0,0,0,0,0,0,0,0,0,1,0,0,0,0,M,2019
L,Mann, Brandon,14,0,0,0,0,0,0,0,0,0,0,0,0,0,0,0,0,0,0,0,0,0,M,2019
L,Martin, Leonys,52,228,194,32,45,9,0,14,96,39,3,3,0,1,26,1,7,57,4,0.232,0.495,0.342,M,2019
R,Masuda, Naoya,60,0,0,0,0,0,0,0,0,0,0,0,0,0,0,0,0,0,0,0,0,0,M,2019
R,Matsuda, Shin,3,6,5,0,1,0,0,0,1,1,0,1,0,0,1,0,0,1,0,0.2,0.2,0.333,M,2019
L,Matsunaga, Takahiro,46,0,0,0,0,0,0,0,0,0,0,0,0,0,0,0,0,0,0,0,0,0,M,2019
S,Mike, Kazuma,25,22,21,3,6,1,1,1,12,5,0,0,0,0,1,0,0,8,0,0.286,0.571,0.318,M,2019
R,Miki, Ryo,89,145,126,20,27,3,0,2,36,15,5,0,8,1,6,0,4,38,1,0.214,0.286,0.27,M,2019
R,Minami, Masaki,4,0,0,0,0,0,0,0,0,0,0,0,0,0,0,0,0,0,0,0,0,0,M,2019
L,Nagano, Shoji,5,0,0,0,0,0,0,0,0,0,0,0,0,0,0,0,0,0,0,0,0,0,M,2019
R,Nakamura, Shogo,143,586,512,68,119,22,0,17,192,59,12,6,6,3,53,2,12,96,10,0.232,0.375,0.317,M,2019
L,Nakamura, Toshiya,10,0,0,0,0,0,0,0,0,0,0,0,0,0,0,0,0,0,0,0,0,0,M,2019
R,Nishino, Yuji,37,0,0,0,0,0,0,0,0,0,0,0,0,0,0,0,0,0,0,0,0,0,M,2019
R,Ogino, Takashi,125,569,508,76,160,35,7,10,239,46,28,10,9,4,40,1,8,56,4,0.315,0.47,0.371,M,2019
L,Ojima, Kazuya,10,0,0,0,0,0,0,0,0,0,0,0,0,0,0,0,0,0,0,0,0,0,M,2019
R,Oka, Hiromi,95,182,154,36,35,8,1,6,63,16,13,1,3,1,18,1,6,32,5,0.227,0.409,0.33,M,2019
R,Otani, Tomohisa,2,0,0,0,0,0,0,0,0,0,0,0,0,0,0,0,0,0,0,0,0,0,M,2019
R,Ravin, Josh,2,0,0,0,0,0,0,0,0,0,0,0,0,0,0,0,0,0,0,0,0,0,M,2019
R,Sakai, Tomohito,54,0,0,0,0,0,0,0,0,0,0,0,0,0,0,0,0,0,0,0,0,0,M,2019
R,Sasaki, Chihaya,7,0,0,0,0,0,0,0,0,0,0,0,0,0,0,0,0,0,0,0,0,0,M,2019
L,Sugano, Tsuyoshi,28,73,66,7,13,2,0,3,24,7,0,0,0,0,6,0,1,11,0,0.197,0.364,0.274,M,2019
L,Suzuki, Daichi,140,614,527,76,152,34,4,15,239,68,3,1,13,2,56,0,16,75,11,0.288,0.454,0.373,M,2019
L,Takahama, Takuya,8,7,7,0,2,2,0,0,4,3,0,0,0,0,0,0,0,3,0,0.286,0.571,0.286,M,2019
R,Takano, Keisuke,2,0,0,0,0,0,0,0,0,0,0,0,0,0,0,0,0,0,0,0,0,0,M,2019
R,Tamura, Tatsuhiro,100,321,284,30,69,12,1,3,92,31,1,2,12,3,22,0,0,59,8,0.243,0.324,0.294,M,2019
R,Tanaka, Yasuhiro,44,0,0,0,0,0,0,0,0,0,0,0,0,0,0,0,0,0,0,0,0,0,M,2019
R,Taneichi, Atsuki,26,1,1,0,0,0,0,0,0,0,0,0,0,0,0,0,0,1,0,0,0,0,M,2019
R,Tojo, Taiki,58,0,0,0,0,0,0,0,0,0,0,0,0,0,0,0,0,0,0,0,0,0,M,2019
S,Vargas, Kennys,35,102,84,4,15,5,0,1,23,6,0,0,0,0,16,1,2,36,2,0.179,0.274,0.324,M,2019
R,Wakui, Hideaki,18,2,2,0,0,0,0,0,0,0,0,0,0,0,0,0,0,2,0,0,0,0,M,2019
R,Yoshida, Yuta,32,56,47,2,11,1,0,2,18,7,0,1,4,0,5,0,0,13,2,0.234,0.383,0.308,M,2019
R,Adachi, Ryoichi,56,179,155,18,43,6,1,2,57,20,10,2,4,1,18,0,1,29,5,0.277,0.368,0.354,B,2019
R,Albers, Andrew,13,0,0,0,0,0,0,0,0,0,0,0,0,0,0,0,0,0,0,0,0,0,B,2019
R,Aranishi, Yudai,13,3,3,0,0,0,0,0,0,0,0,0,0,0,0,0,0,1,0,0,0,0,B,2019
R,Cho, Yaku,8,0,0,0,0,0,0,0,0,0,0,0,0,0,0,0,0,0,0,0,0,0,B,2019
R,Dickson, Brandon,37,0,0,0,0,0,0,0,0,0,0,0,0,0,0,0,0,0,0,0,0,0,B,2019
R,Eppler, Tyler,24,0,0,0,0,0,0,0,0,0,0,0,0,0,0,0,0,0,0,0,0,0,B,2019
L,Fukuda, Shuhei,135,583,492,65,123,13,5,2,152,38,30,14,19,2,62,0,8,57,7,0.25,0.309,0.342,B,2019
R,Fushimi, Torai,39,72,61,4,10,0,0,1,13,9,0,1,0,1,8,1,2,16,2,0.164,0.213,0.278,B,2019
L,Gibo, Sho,8,28,26,0,6,1,0,0,7,0,0,0,0,0,2,0,0,7,0,0.231,0.269,0.286,B,2019
L,Goto, Shunta,91,194,165,17,37,7,3,1,53,22,4,3,6,1,19,0,3,47,1,0.224,0.321,0.314,B,2019
L,Hidarisawa, Yu,4,0,0,0,0,0,0,0,0,0,0,0,0,0,0,0,0,0,0,0,0,0,B,2019
R,Higa, Motoki,45,0,0,0,0,0,0,0,0,0,0,0,0,0,0,0,0,0,0,0,0,0,B,2019
R,Iida, Daisuke,8,16,13,0,0,0,0,0,0,0,0,0,3,0,0,0,0,4,1,0,0,0,B,2019
L,Iwamoto, Akira,9,0,0,0,0,0,0,0,0,0,0,0,0,0,0,0,0,0,0,0,0,0,B,2019
L,Kaida, Tomoyuki,55,0,0,0,0,0,0,0,0,0,0,0,0,0,0,0,0,0,0,0,0,0,B,2019
R,Kambe, Fumiya,19,0,0,0,0,0,0,0,0,0,0,0,0,0,0,0,0,0,0,0,0,0,B,2019
R,Kaneda, Kazuyuki,6,0,0,0,0,0,0,0,0,0,0,0,0,0,0,0,0,0,0,0,0,0,B,2019
R,Kishida, Mamoru,1,0,0,0,0,0,0,0,0,0,0,0,0,0,0,0,0,0,0,0,0,0,B,2019
R,Kobayashi, Keisuke,20,0,0,0,0,0,0,0,0,0,0,0,0,0,0,0,0,0,0,0,0,0,B,2019
L,Kojima, Shuhei,103,266,246,23,54,9,0,4,75,18,7,4,3,1,16,0,0,49,2,0.22,0.305,0.266,B,2019
R,Kondo, Taisuke,52,0,0,0,0,0,0,0,0,0,0,0,0,0,0,0,0,0,0,0,0,0,B,2019
R,Marrero, Chris,43,133,123,8,26,7,0,2,39,14,0,0,0,2,7,0,1,35,5,0.211,0.317,0.256,B,2019
R,Masui, Hirotoshi,53,0,0,0,0,0,0,0,0,0,0,0,0,0,0,0,0,0,0,0,0,0,B,2019
L,Matsuba, Takahiro,5,0,0,0,0,0,0,0,0,0,0,0,0,0,0,0,0,0,0,0,0,0,B,2019
L,Matsui, Masato,24,42,36,5,7,0,0,0,7,2,0,0,3,0,3,0,0,7,0,0.194,0.194,0.256,B,2019
R,Matsui, Yusuke,7,18,18,2,6,1,0,1,10,1,0,0,0,0,0,0,0,3,1,0.333,0.556,0.333,B,2019
R,Meneses, Joey,29,118,102,7,21,4,0,4,37,14,0,1,0,3,13,0,0,28,3,0.206,0.363,0.288,B,2019
R,Miyazaki, Yuki,15,28,23,1,3,0,0,0,3,1,0,0,0,1,2,0,2,9,0,0.13,0.13,0.25,B,2019
S,Moya, Steven,64,255,242,24,59,7,0,10,96,35,0,0,0,1,10,0,2,59,7,0.244,0.397,0.278,B,2019
L,Mune, Yuma,54,177,148,16,40,6,1,2,54,14,7,3,4,1,13,0,11,30,4,0.27,0.365,0.37,B,2019
R,Nakagawa, Keita,111,396,364,39,105,21,2,3,139,32,9,5,4,2,25,1,1,62,6,0.288,0.382,0.334,B,2019
L,Naruse, Yoshihisa,6,0,0,0,0,0,0,0,0,0,0,0,0,0,0,0,0,0,0,0,0,0,B,2019
R,Nishimura, Ryo,19,53,49,3,13,3,0,2,22,4,2,0,2,0,2,0,0,10,1,0.265,0.449,0.294,B,2019
L,Nishino, Masahiro,56,188,166,21,40,5,1,1,50,14,1,0,3,1,16,0,2,24,1,0.241,0.301,0.314,B,2019
L,Nishiura, Hayato,77,239,220,24,43,8,1,1,56,18,8,3,5,1,13,0,0,56,1,0.195,0.255,0.239,B,2019
L,Oda, Yuya,82,203,180,21,37,5,2,3,55,21,9,5,3,2,12,0,6,47,0,0.206,0.306,0.275,B,2019
L,Okada, Takahiro,20,56,50,4,6,0,0,1,9,2,0,0,0,0,6,0,0,19,3,0.12,0.18,0.214,B,2019
R,Oshiro, Koji,91,345,302,36,79,18,2,3,110,28,11,10,11,1,25,0,6,56,4,0.262,0.364,0.329,B,2019
R,Ota, Ryo,6,16,13,1,0,0,0,0,0,0,0,0,0,0,2,0,1,7,0,0,0,0.188,B,2019
R,Romero, Stefen,81,331,295,47,90,15,0,18,159,63,3,3,0,6,25,2,5,83,3,0.305,0.539,0.363,B,2019
L,Saito, Koki,11,0,0,0,0,0,0,0,0,0,0,0,0,0,0,0,0,0,0,0,0,0,B,2019
R,Sakakibara, Tsubasa,13,3,3,0,0,0,0,0,0,0,0,0,0,0,0,0,0,3,0,0,0,0,B,2019
S,Sano, Kodai,68,130,121,22,25,5,1,1,35,9,12,3,3,0,5,0,1,43,2,0.207,0.289,0.244,B,2019
L,Sawada, Keisuke,28,0,0,0,0,0,0,0,0,0,0,0,0,0,0,0,0,0,0,0,0,0,B,2019
R,Shirasaki, Hiroyuki,25,54,49,6,10,0,0,2,16,6,0,0,0,0,5,0,0,14,1,0.204,0.327,0.278,B,2019
R,Sugimoto, Yutaro,18,51,51,5,8,1,0,4,21,7,1,0,0,0,0,0,0,22,2,0.157,0.412,0.157,B,2019
R,Suzuki, Kohei,58,53,44,3,10,1,0,0,11,0,0,0,2,0,4,0,3,12,2,0.227,0.25,0.333,B,2019
R,Suzuki, Kohei,19,4,4,0,0,0,0,0,0,0,0,0,0,0,0,0,0,3,0,0,0,0,B,2019
R,Suzuki, Yu,1,0,0,0,0,0,0,0,0,0,0,0,0,0,0,0,0,0,0,0,0,0,B,2019
L,Tajima, Daiki,10,2,2,0,0,0,0,0,0,0,0,0,0,0,0,0,0,2,0,0,0,0,B,2019
R,Takajo, Shuto,5,12,11,1,2,0,0,0,2,0,0,0,0,0,1,0,0,4,0,0.182,0.182,0.25,B,2019
R,Takeda, Kengo,6,9,8,0,1,0,0,0,1,0,1,0,0,0,0,0,1,1,0,0.125,0.125,0.222,B,2019
R,Takeyasu, Daichi,10,4,4,0,0,0,0,0,0,0,0,0,0,0,0,0,0,3,0,0,0,0,B,2019
R,Tomei, Daiki,7,0,0,0,0,0,0,0,0,0,0,0,0,0,0,0,0,0,0,0,0,0,B,2019
L,Tomiyama, Ryoga,1,0,0,0,0,0,0,0,0,0,0,0,0,0,0,0,0,0,0,0,0,0,B,2019
R,Tongu, Yuma,28,93,91,5,18,5,0,3,32,10,0,0,0,1,1,0,0,22,3,0.198,0.352,0.204,B,2019
R,Wakatsuki, Kenya,138,348,298,21,53,9,0,1,65,21,2,0,25,0,21,1,4,73,4,0.178,0.218,0.241,B,2019
R,Yamaashi, Tatsuya,28,64,61,3,10,0,1,1,15,8,0,1,0,0,2,0,1,12,1,0.164,0.246,0.203,B,2019
L,Yamada, Nobuyoshi,40,0,0,0,0,0,0,0,0,0,0,0,0,0,0,0,0,0,0,0,0,0,B,2019
R,Yamamoto, Yoshinobu,20,2,1,0,0,0,0,0,0,0,0,0,1,0,0,0,0,0,0,0,0,0,B,2019
L,Yamaoka, Taisuke,26,5,5,0,0,0,0,0,0,0,0,0,0,0,0,0,0,2,0,0,0,0,B,2019
L,Yamasaki, Sachiya,36,0,0,0,0,0,0,0,0,0,0,0,0,0,0,0,0,0,0,0,0,0,B,2019
R,Yamazaki, Katsuki,24,8,8,0,0,0,0,0,0,0,0,0,0,0,0,0,0,5,1,0,0,0,B,2019
L,Yoshida, Kazumasa,33,0,0,0,0,0,0,0,0,0,0,0,0,0,0,0,0,0,0,0,0,0,B,2019
L,Yoshida, Masataka,143,610,521,92,168,24,2,29,283,85,5,1,0,5,79,12,5,64,12,0.322,0.543,0.413,B,2019
R,Yoshida, Ryo,4,0,0,0,0,0,0,0,0,0,0,0,0,0,0,0,0,0,0,0,0,0,B,2019
R,Akiyoshi, Ryo,53,0,0,0,0,0,0,0,0,0,0,0,0,0,0,0,0,0,0,0,0,0,F,2019
R,Arihara, Kohei,24,4,2,0,0,0,0,0,0,0,0,0,2,0,0,0,0,1,0,0,0,0,F,2019
L,Asama, Daiki,13,33,29,4,6,2,1,0,10,1,0,0,3,0,1,0,0,5,0,0.207,0.345,0.233,F,2019
R,Barbato, Johnny,15,0,0,0,0,0,0,0,0,0,0,0,0,0,0,0,0,0,0,0,0,0,F,2019
L,Fujioka, Takahiro,2,0,0,0,0,0,0,0,0,0,0,0,0,0,0,0,0,0,0,0,0,0,F,2019
L,Hakumura, Akihiro,1,3,3,0,0,0,0,0,0,0,0,0,0,0,0,0,0,3,0,0,0,0,F,2019
R,Hancock, Justin,8,0,0,0,0,0,0,0,0,0,0,0,0,0,0,0,0,0,0,0,0,0,F,2019
L,Hiranuma, Shota,73,184,165,20,39,9,2,1,55,16,2,1,5,1,10,0,3,26,3,0.236,0.333,0.291,F,2019
L,Hori, Mizuki,53,0,0,0,0,0,0,0,0,0,0,0,0,0,0,0,0,0,0,0,0,0,F,2019
R,Iguchi, Kazutomo,32,0,0,0,0,0,0,0,0,0,0,0,0,0,0,0,0,0,0,0,0,0,F,2019
L,Imai, Junnosuke,2,7,7,0,1,0,0,0,1,1,0,0,0,0,0,0,0,2,0,0.143,0.143,0.143,F,2019
L,Ishii, Kazunari,76,226,196,26,44,10,3,4,72,22,2,3,13,1,16,0,0,61,3,0.224,0.367,0.282,F,2019
R,Ishikawa, Naoya,60,0,0,0,0,0,0,0,0,0,0,0,0,0,0,0,0,0,0,0,0,0,F,2019
R,Ishikawa, Ryo,46,86,75,3,15,3,0,0,18,3,0,0,9,0,2,0,0,29,2,0.2,0.24,0.221,F,2019
R,Kagiya, Yohei,18,0,0,0,0,0,0,0,0,0,0,0,0,0,0,0,0,0,0,0,0,0,F,2019
L,Kaneko, Chihiro,26,3,3,0,0,0,0,0,0,0,0,0,0,0,0,0,0,3,0,0,0,0,F,2019
L,Kato, Takayuki,26,1,1,0,0,0,0,0,0,0,0,0,0,0,0,0,0,0,0,0,0,0,F,2019
L,Kitaura, Ryuji,6,0,0,0,0,0,0,0,0,0,0,0,0,0,0,0,0,0,0,0,0,0,F,2019
L,Kiyomiya, Kotaro,81,278,250,26,51,11,1,7,85,33,0,1,0,4,21,0,3,75,4,0.204,0.34,0.27,F,2019
L,Kondo, Kensuke,138,600,490,74,148,32,5,2,196,59,1,4,0,5,103,3,2,81,11,0.302,0.4,0.422,F,2019
R,Kori, Takuya,2,4,4,0,1,0,0,0,1,0,0,0,0,0,0,0,0,2,0,0.25,0.25,0.25,F,2019
L,Kumon, Katsuhiko,61,0,0,0,0,0,0,0,0,0,0,0,0,0,0,0,0,0,0,0,0,0,F,2019
R,Kurobane, Toshiki,4,3,2,1,0,0,0,0,0,1,0,0,0,0,1,0,0,1,0,0,0,0.333,F,2019
R,Mannami, Chusei,2,4,4,0,0,0,0,0,0,0,0,0,0,0,0,0,0,2,0,0,0,0,F,2019
R,Matsumoto, Go,4,3,3,0,1,0,0,0,1,0,0,0,0,0,0,0,0,0,0,0.333,0.333,0.333,F,2019
L,Miyanishi, Naoki,55,0,0,0,0,0,0,0,0,0,0,0,0,0,0,0,0,0,0,0,0,0,F,2019
L,Murata, Toru,13,0,0,0,0,0,0,0,0,0,0,0,0,0,0,0,0,0,0,0,0,0,F,2019
R,Nabatame, Tsubasa,4,0,0,0,0,0,0,0,0,0,0,0,0,0,0,0,0,0,0,0,0,0,F,2019
R,Nakamura, Masaru,1,0,0,0,0,0,0,0,0,0,0,0,0,0,0,0,0,0,0,0,0,0,F,2019
L,Nakashima, Takuya,120,328,291,39,64,5,1,0,71,16,12,5,12,1,22,0,2,70,2,0.22,0.244,0.278,F,2019
R,Nakata, Sho,124,514,450,55,109,21,0,24,202,80,0,0,0,4,55,4,5,83,16,0.242,0.449,0.329,F,2019
L,Nishikawa, Haruki,142,651,548,88,158,26,6,5,211,41,19,5,8,0,93,2,2,111,5,0.288,0.385,0.393,F,2019
R,Nishimura, Takahiro,35,0,0,0,0,0,0,0,0,0,0,0,0,0,0,0,0,0,0,0,0,0,F,2019
R,Ota, Taishi,132,594,557,79,161,28,1,20,251,77,6,2,0,5,27,4,5,111,22,0.289,0.451,0.325,F,2019
R,Rodriguez, Bryan,34,0,0,0,0,0,0,0,0,0,0,0,0,0,0,0,0,0,0,0,0,0,F,2019
R,Saito, Yuki,11,0,0,0,0,0,0,0,0,0,0,0,0,0,0,0,0,0,0,0,0,0,F,2019
R,Sanematsu, Kazunari,5,1,1,0,0,0,0,0,0,0,0,0,0,0,0,0,0,0,0,0,0,0,F,2019
R,Shimizu, Yushi,98,246,216,17,56,8,0,5,79,24,0,1,9,1,19,0,1,51,6,0.259,0.366,0.321,F,2019
R,Sugiura, Toshihiro,14,0,0,0,0,0,0,0,0,0,0,0,0,0,0,0,0,0,0,0,0,0,F,2019
S,Sugiya, Kenshi,83,157,134,15,28,4,1,4,46,12,5,1,6,1,13,1,3,36,2,0.209,0.343,0.291,F,2019
R,Suzuki, Ryotaro,1,0,0,0,0,0,0,0,0,0,0,0,0,0,0,0,0,0,0,0,0,0,F,2019
R,Tamai, Taisho,65,0,0,0,0,0,0,0,0,0,0,0,0,0,0,0,0,0,0,0,0,0,F,2019
L,Tanaka, Eito,1,0,0,0,0,0,0,0,0,0,0,0,0,0,0,0,0,0,0,0,0,0,F,2019
L,Tanaka, Kensuke,89,170,153,15,39,6,2,1,52,16,0,0,2,1,14,1,0,17,3,0.255,0.34,0.315,F,2019
L,Taniguchi, Yuya,30,50,48,4,11,2,0,2,19,10,0,0,0,0,2,0,0,12,1,0.229,0.396,0.26,F,2019
R,Tsuruoka, Shinya,35,69,62,4,11,2,0,1,16,4,0,0,4,0,3,0,0,13,2,0.177,0.258,0.215,F,2019
L,Uehara, Kenta,13,3,3,0,0,0,0,0,0,0,0,0,0,0,0,0,0,3,0,0,0,0,F,2019
R,Urano, Hiroshi,25,0,0,0,0,0,0,0,0,0,0,0,0,0,0,0,0,0,0,0,0,0,F,2019
L,Usami, Shingo,45,103,96,4,19,3,0,0,22,9,0,0,1,0,6,0,0,19,4,0.198,0.229,0.245,F,2019
R,Uwasawa, Naoyuki,11,2,2,0,0,0,0,0,0,0,0,0,0,0,0,0,0,0,0,0,0,0,F,2019
L,Wang, Po-Jung,88,340,306,18,78,13,0,3,100,35,1,0,0,3,25,1,6,65,6,0.255,0.327,0.321,F,2019
R,Watanabe, Ryo,132,543,481,60,126,16,5,11,185,58,0,2,3,5,48,0,6,120,8,0.262,0.385,0.333,F,2019
R,Yachi, Ryota,24,26,25,1,2,0,0,0,2,1,0,0,0,0,0,0,1,8,2,0.08,0.08,0.115,F,2019
R,Yokoo, Toshitake,78,191,170,7,32,10,0,3,51,13,0,0,1,1,15,2,4,34,4,0.188,0.3,0.268,F,2019
R,Yoshida, Kosei,4,1,1,0,0,0,0,0,0,0,0,0,0,0,0,0,0,0,0,0,0,0,F,2019
R,Yoshida, Yuki,9,0,0,0,0,0,0,0,0,0,0,0,0,0,0,0,0,0,0,0,0,0,F,2019
L,Yoshikawa, Mitsuo,4,0,0,0,0,0,0,0,0,0,0,0,0,0,0,0,0,0,0,0,0,0,F,2019
L,Akashi, Kenji,99,315,282,31,70,12,3,5,103,21,6,2,5,1,26,1,1,66,6,0.248,0.365,0.313,H,2019
L,Colas, Oscar,7,21,18,2,5,0,0,1,8,2,0,0,0,0,1,0,2,6,0,0.278,0.444,0.381,H,2019
R,Despaigne, Alfredo,130,519,448,61,116,9,0,36,233,88,0,1,0,3,63,1,5,119,6,0.259,0.52,0.355,H,2019
R,Egawa, Tomoaki,11,17,15,1,5,0,0,0,5,0,0,0,0,0,1,0,1,3,0,0.333,0.333,0.412,H,2019
L,Fukuda, Shuhei,80,183,166,27,43,8,0,9,78,26,9,3,4,2,11,1,0,48,1,0.259,0.47,0.302,H,2019
R,Gracial, Yurisbel,103,410,373,61,119,17,1,28,222,68,4,3,4,4,22,1,7,84,10,0.319,0.595,0.365,H,2019
L,Hasegawa, Yuya,25,54,43,6,13,4,0,3,26,9,1,0,0,2,7,1,2,4,1,0.302,0.605,0.407,H,2019
R,Higashihama, Nao,7,0,0,0,0,0,0,0,0,0,0,0,0,0,0,0,0,0,0,0,0,0,H,2019
R,Imamiya, Kenta,106,426,383,44,98,15,0,14,155,41,4,5,7,1,32,2,3,67,3,0.256,0.405,0.317,H,2019
R,Ishikawa, Shuta,2,0,0,0,0,0,0,0,0,0,0,0,0,0,0,0,0,0,0,0,0,0,H,2019
R,Iwasaki, Sho,2,0,0,0,0,0,0,0,0,0,0,0,0,0,0,0,0,0,0,0,0,0,H,2019
R,Izumi, Keisuke,14,0,0,0,0,0,0,0,0,0,0,0,0,0,0,0,0,0,0,0,0,0,H,2019
R,Kai, Takuya,137,454,377,42,98,15,0,11,146,43,9,4,23,3,50,0,1,114,9,0.26,0.387,0.346,H,2019
L,Kaino, Hiroshi,66,0,0,0,0,0,0,0,0,0,0,0,0,0,0,0,0,0,0,0,0,0,H,2019
R,Kajiya, Ren,30,0,0,0,0,0,0,0,0,0,0,0,0,0,0,0,0,0,0,0,0,0,H,2019
L,Kamamoto, Go,86,189,173,18,38,2,1,4,54,11,11,1,4,0,12,0,0,56,2,0.22,0.312,0.27,H,2019
L,Kasaya, Shunsuke,2,0,0,0,0,0,0,0,0,0,0,0,0,0,0,0,0,0,0,0,0,0,H,2019
L,Kawahara, Hiroyuki,19,0,0,0,0,0,0,0,0,0,0,0,0,0,0,0,0,0,0,0,0,0,H,2019
L,Kawase, Hikaru,29,37,34,1,6,0,0,0,6,1,1,1,2,0,1,0,0,5,1,0.176,0.176,0.2,H,2019
R,Kawashima, Keizo,47,88,66,14,24,5,1,1,34,8,4,1,2,2,17,0,1,9,3,0.364,0.515,0.488,H,2019
L,Kayama, Shinya,54,0,0,0,0,0,0,0,0,0,0,0,0,0,0,0,0,0,0,0,0,0,H,2019
R,Kuki, Ryuhei,2,3,2,0,0,0,0,0,0,0,0,0,0,0,0,0,1,1,0,0,0,0.333,H,2019
L,Kurihara, Ryoya,32,45,39,4,9,0,1,1,14,7,0,0,0,1,3,0,2,10,1,0.231,0.359,0.311,H,2019
L,Makihara, Taisei,114,436,409,37,99,14,2,3,126,27,10,13,12,1,10,0,4,85,2,0.242,0.308,0.267,H,2019
R,Masago, Yusuke,12,23,21,4,3,0,0,0,3,1,2,0,1,0,1,0,0,11,0,0.143,0.143,0.182,H,2019
R,Masuda, Shu,2,4,4,0,0,0,0,0,0,0,0,0,0,0,0,0,0,1,0,0,0,0,H,2019
R,Matsuda, Nobuhiro,143,576,534,64,139,25,2,30,258,76,5,3,2,4,33,4,3,115,14,0.26,0.483,0.305,H,2019
R,Matsuda, Ryoma,51,0,0,0,0,0,0,0,0,0,0,0,0,0,0,0,0,0,0,0,0,0,H,2019
L,Matsumoto, Yuki,7,3,2,0,1,1,0,0,2,1,0,0,1,0,0,0,0,1,0,0.5,1,0.5,H,2019
R,Mima, Yuki,15,22,22,4,2,1,0,1,6,1,0,0,0,0,0,0,0,5,0,0.091,0.273,0.091,H,2019
L,Mimori, Masaki,24,51,48,7,10,2,2,0,16,1,3,2,0,0,2,0,1,17,0,0.208,0.333,0.255,H,2019
L,Miranda, Ariel,18,0,0,0,0,0,0,0,0,0,0,0,0,0,0,0,0,0,0,0,0,0,H,2019
L,Moinelo, Livan,60,0,0,0,0,0,0,0,0,0,0,0,0,0,0,0,0,0,0,0,0,0,H,2019
R,Mori, Yuito,54,0,0,0,0,0,0,0,0,0,0,0,0,0,0,0,0,0,0,0,0,0,H,2019
L,Nakamura, Akira,44,159,139,10,34,3,1,3,48,11,0,0,3,1,15,0,1,13,0,0.245,0.345,0.321,H,2019
R,Nakata, Kenichi,1,0,0,0,0,0,0,0,0,0,0,0,0,0,0,0,0,0,0,0,0,0,H,2019
R,Niho, Akira,8,0,0,0,0,0,0,0,0,0,0,0,0,0,0,0,0,0,0,0,0,0,H,2019
R,Nishida, Tetsuro,7,8,8,2,1,1,0,0,2,1,0,0,0,0,0,0,0,0,0,0.125,0.25,0.125,H,2019
R,Nomura, Daiju,2,2,2,0,1,0,0,0,1,0,0,0,0,0,0,0,0,0,0,0.5,0.5,0.5,H,2019
R,Okumura, Masato,12,0,0,0,0,0,0,0,0,0,0,0,0,0,0,0,0,0,0,0,0,0,H,2019
L,Otake, Kotaro,17,3,3,0,0,0,0,0,0,0,0,0,0,0,0,0,0,2,1,0,0,0,H,2019
L,Senga, Kodai,26,6,6,0,2,1,0,0,3,0,0,0,0,0,0,0,0,2,0,0.333,0.5,0.333,H,2019
R,Shiino, Arata,36,0,0,0,0,0,0,0,0,0,0,0,0,0,0,0,0,0,0,0,0,0,H,2019
L,Shuto, Ukyo,102,114,102,39,20,3,2,1,30,6,25,5,10,0,2,0,0,27,1,0.196,0.294,0.212,H,2019
R,Suarez, Robert,9,1,1,0,0,0,0,0,0,0,0,0,0,0,0,0,0,1,0,0,0,0,H,2019
R,Sugiyama, Kazuki,2,0,0,0,0,0,0,0,0,0,0,0,0,0,0,0,0,0,0,0,0,0,H,2019
R,Takahashi, Jumpei,45,0,0,0,0,0,0,0,0,0,0,0,0,0,0,0,0,0,0,0,0,0,H,2019
R,Takahashi, Rei,23,4,4,0,1,0,0,0,1,0,0,0,0,0,0,0,0,2,0,0.25,0.25,0.25,H,2019
L,Takata, Tomoki,93,125,115,6,18,1,0,0,19,10,2,0,6,0,3,0,1,36,1,0.157,0.165,0.185,H,2019
L,Takaya, Hiroaki,55,42,30,2,5,0,0,1,8,1,0,0,7,0,5,0,0,15,0,0.167,0.267,0.286,H,2019
R,Takeda, Shota,32,1,1,0,0,0,0,0,0,0,0,0,0,0,0,0,0,0,0,0,0,0,H,2019
R,Tanaka, Seigi,1,0,0,0,0,0,0,0,0,0,0,0,0,0,0,0,0,0,0,0,0,0,H,2019
L,Taura, Fumimaru,8,0,0,0,0,0,0,0,0,0,0,0,0,0,0,0,0,0,0,0,0,0,H,2019
R,Tsukada, Masayoshi,18,24,18,1,4,0,0,1,7,3,0,0,0,0,5,2,1,6,1,0.222,0.389,0.417,H,2019
R,Uchikawa, Seiichi,137,535,500,49,128,21,0,12,185,41,3,0,1,4,28,4,2,49,16,0.256,0.37,0.296,H,2019
L,Uebayashi, Seiji,99,286,258,28,50,6,2,11,93,31,10,4,6,1,18,2,3,75,2,0.194,0.36,0.254,H,2019
R,van den Hurk, Rick,3,0,0,0,0,0,0,0,0,0,0,0,0,0,0,0,0,0,0,0,0,0,H,2019
L,Wada, Tsuyoshi,12,2,1,0,0,0,0,0,0,0,0,0,0,0,1,0,0,1,0,0,0,0.5,H,2019
L,Yanagita, Yuki,38,157,128,17,37,6,1,7,66,23,4,1,0,0,28,2,1,28,4,0.289,0.516,0.42,H,2019
R,Aiuchi, Makoto,2,0,0,0,0,0,0,0,0,0,0,0,0,0,0,0,0,0,0,0,0,0,L,2019
L,Akiyama, Shogo,143,678,590,112,179,31,4,20,278,62,12,8,0,1,78,2,9,108,8,0.303,0.471,0.392,L,2019
R,Awatsu, Kaito,1,0,0,0,0,0,0,0,0,0,0,0,0,0,0,0,0,0,0,0,0,0,L,2019
L,Enokida, Daiki,13,1,1,0,0,0,0,0,0,0,0,0,0,0,0,0,0,0,0,0,0,0,L,2019
L,Genda, Sosuke,135,609,540,90,148,23,6,2,189,41,30,9,25,3,40,0,1,67,9,0.274,0.35,0.324,L,2019
R,Heath, Deunte,34,0,0,0,0,0,0,0,0,0,0,0,0,0,0,0,0,0,0,0,0,0,L,2019
R,Hirai, Katsunori,81,1,1,0,0,0,0,0,0,0,0,0,0,0,0,0,0,1,0,0,0,0,L,2019
R,Honda, Keisuke,16,2,2,0,0,0,0,0,0,0,0,0,0,0,0,0,0,0,0,0,0,0,L,2019
R,Imai, Tatsuya,23,3,3,0,0,0,0,0,0,0,0,0,0,0,0,0,0,2,0,0,0,0,L,2019
R,Ito, Sho,6,0,0,0,0,0,0,0,0,0,0,0,0,0,0,0,0,0,0,0,0,0,L,2019
S,Kaneko, Yuji,133,524,463,60,116,8,1,3,135,33,41,10,6,3,49,1,3,81,3,0.251,0.292,0.324,L,2019
R,Kimura, Fumikazu,130,441,391,46,86,12,3,10,134,38,16,9,15,6,24,0,5,101,3,0.22,0.343,0.27,L,2019
L,Koishi, Hirotaka,8,0,0,0,0,0,0,0,0,0,0,0,0,0,0,0,0,0,0,0,0,0,L,2019
L,Kokuba, Tsubasa,15,0,0,0,0,0,0,0,0,0,0,0,0,0,0,0,0,0,0,0,0,0,L,2019
R,Komazuki, Hitoto,7,7,7,1,1,0,0,0,1,0,0,0,0,0,0,0,0,1,0,0.143,0.143,0.143,L,2019
R,Kumashiro, Masato,33,17,15,5,4,1,0,0,5,0,2,1,1,0,1,0,0,5,0,0.267,0.333,0.313,L,2019
R,Kuo, Chun-Lin,2,0,0,0,0,0,0,0,0,0,0,0,0,0,0,0,0,0,0,0,0,0,L,2019
L,Kuriyama, Takumi,123,466,409,35,103,21,0,7,145,54,0,0,3,3,48,2,3,100,13,0.252,0.355,0.333,L,2019
r,Liao, Jen-Lei,3,0,0,0,0,0,0,0,0,0,0,0,0,0,0,0,0,0,0,0,0,0,L,2019
R,Martin, Kyle,41,0,0,0,0,0,0,0,0,0,0,0,0,0,0,0,0,0,0,0,0,0,L,2019
R,Masuda, Tatsushi,65,0,0,0,0,0,0,0,0,0,0,0,0,0,0,0,0,0,0,0,0,0,L,2019
R,Matsumoto, Naoaki,4,0,0,0,0,0,0,0,0,0,0,0,0,0,0,0,0,0,0,0,0,0,L,2019
R,Matsumoto, Wataru,16,4,2,0,0,0,0,0,0,0,0,0,2,0,0,0,0,1,0,0,0,0,L,2019
R,Mejia, Ernesto,75,147,128,13,27,9,0,6,54,31,0,0,0,4,15,0,0,46,2,0.211,0.422,0.286,L,2019
R,Minamikawa, Tadasuke,1,0,0,0,0,0,0,0,0,0,0,0,0,0,0,0,0,0,0,0,0,0,L,2019
L,Mizuguchi, Daichi,20,11,10,5,0,0,0,0,0,0,2,0,0,0,1,0,0,4,0,0,0,0.091,L,2019
L,Mori, Tomoya,135,573,492,96,162,34,2,23,269,105,3,2,1,6,72,3,2,89,9,0.329,0.547,0.413,L,2019
R,Moriwaki, Ryosuke,29,1,1,0,0,0,0,0,0,0,0,0,0,0,0,0,0,1,0,0,0,0,L,2019
L,Nagae, Kyohei,27,26,21,4,2,1,0,0,3,1,1,1,1,0,4,0,0,12,0,0.095,0.143,0.24,L,2019
R,Nakamura, Takeya,135,557,496,69,142,30,0,30,262,123,2,1,0,3,54,5,4,123,12,0.286,0.528,0.359,L,2019
R,Nakata, Shota,2,9,8,0,1,0,0,0,1,0,0,0,1,0,0,0,0,4,0,0.125,0.125,0.125,L,2019
R,Neal, Zach,17,2,2,0,0,0,0,0,0,0,0,0,0,0,0,0,0,0,0,0,0,0,L,2019
L,Noda, Shogo,23,0,0,0,0,0,0,0,0,0,0,0,0,0,0,0,0,0,0,0,0,0,L,2019
L,Ogawa, Ryuya,55,0,0,0,0,0,0,0,0,0,0,0,0,0,0,0,0,0,0,0,0,0,L,2019
L,Oishi, Tatsuya,2,0,0,0,0,0,0,0,0,0,0,0,0,0,0,0,0,0,0,0,0,0,L,2019
R,Okada, Masatoshi,36,78,61,8,16,3,1,1,24,7,0,0,6,0,9,0,2,12,1,0.262,0.393,0.375,L,2019
L,Saito, Hiromasa,9,0,0,0,0,0,0,0,0,0,0,0,0,0,0,0,0,0,0,0,0,0,L,2019
L,Saito, Shogo,3,3,3,0,0,0,0,0,0,0,0,0,0,0,0,0,0,3,0,0,0,0,L,2019
L,Sano, Yasuo,44,0,0,0,0,0,0,0,0,0,0,0,0,0,0,0,0,0,0,0,0,0,L,2019
R,Sato, Ryusei,52,63,59,6,13,6,0,2,25,7,0,0,1,0,3,0,0,14,1,0.22,0.424,0.258,L,2019
L,Suzuki, Shohei,16,28,26,4,4,0,0,0,4,1,1,1,1,0,1,0,0,6,1,0.154,0.154,0.185,L,2019
L,Taira, Kaima,26,0,0,0,0,0,0,0,0,0,0,0,0,0,0,0,0,0,0,0,0,0,L,2019
R,Takagi, Hayato,2,0,0,0,0,0,0,0,0,0,0,0,0,0,0,0,0,0,0,0,0,0,L,2019
L,Takagi, Wataru,1,1,1,0,0,0,0,0,0,0,0,0,0,0,0,0,0,0,0,0,0,0,L,2019
R,Takahashi, Kona,21,5,5,0,0,0,0,0,0,0,0,0,0,0,0,0,0,4,0,0,0,0,L,2019
R,Takeda, Aito,42,57,53,7,8,1,0,0,9,3,0,0,1,0,3,2,0,11,2,0.151,0.17,0.196,L,2019
L,Takekuma, Shota,10,0,0,0,0,0,0,0,0,0,0,0,0,0,0,0,0,0,0,0,0,0,L,2019
L,Tamura, Ichiro,6,0,0,0,0,0,0,0,0,0,0,0,0,0,0,0,0,0,0,0,0,0,L,2019
R,Tawata, Shinsaburo,12,0,0,0,0,0,0,0,0,0,0,0,0,0,0,0,0,0,0,0,0,0,L,2019
R,Togame, Ken,19,2,2,0,0,0,0,0,0,0,0,0,0,0,0,0,0,1,0,0,0,0,L,2019
L,Togawa, Daisuke,10,25,23,3,4,1,0,1,8,1,0,1,0,0,2,0,0,4,0,0.174,0.348,0.24,L,2019
R,Tonosaki, Shuta,143,621,533,96,146,27,6,26,263,90,22,6,14,6,63,0,5,132,9,0.274,0.493,0.353,L,2019
R,Yamada, Haruka,4,13,12,2,2,0,0,0,2,0,0,0,0,0,1,0,0,4,1,0.167,0.167,0.231,L,2019
R,Yamakawa, Hotaka,143,626,524,93,134,20,0,43,283,120,1,0,0,3,86,8,13,142,13,0.256,0.54,0.372,L,2019
R,Yamanobe, Kakeru,9,18,14,1,1,1,0,0,2,1,1,0,0,0,2,0,2,4,1,0.071,0.143,0.278,L,2019
R,Abe, Toshiki,129,484,447,51,130,24,3,7,181,59,1,0,3,2,31,3,1,82,9,.291,.405,.337,D,2019
R,Achira, Takuma,7,6,6,0,1,0,0,0,1,1,0,0,0,0,0,0,0,4,0,.167,.167,.167,D,2019
S,Almonte, Zoilo,49,174,164,19,54,8,0,7,83,25,0,1,0,1,8,1,1,37,6,.329,.506,.362,D,2019
R,Donoue, Naomichi,98,217,193,25,41,9,0,12,86,39,1,0,11,0,13,0,0,56,4,.212,.446,.262,D,2019
L,Endo, Issei,108,120,111,22,30,4,2,2,44,11,4,4,2,0,5,0,2,28,1,.270,.396,.314,D,2019
S,Fujii, Atsushi,61,154,141,12,31,8,1,1,44,12,1,0,0,1,11,0,1,33,3,.220,.312,.279,D,2019
R,Fujishima, Kento,32,1,1,0,0,0,0,0,0,0,0,0,0,0,0,0,0,1,0,.000,.000,.000,D,2019
L,Fuku, Hiroto,52,1,1,0,0,0,0,0,0,0,0,0,0,0,0,0,0,1,0,.000,.000,.000,D,2019
R,Fukuda, Nobumasa,105,352,310,55,89,18,0,18,161,66,0,1,0,5,32,4,5,69,7,.287,.519,.358,D,2019
R,Fukutani, Koji,1,2,2,0,0,0,0,0,0,0,0,0,0,0,0,0,0,0,0,.000,.000,.000,D,2019
R,Hirata, Ryosuke,95,407,360,52,100,21,4,8,153,32,3,6,1,4,38,2,4,53,8,.278,.425,.350,D,2019
L,Iryo, Masataka,55,103,100,9,29,9,1,0,40,9,0,0,0,0,3,0,0,21,0,.290,.400,.311,D,2019
R,Ishibashi, Kota,12,18,17,0,1,0,1,0,3,2,0,0,0,0,0,0,1,8,0,.059,.176,.111,D,2019
R,Ishigaki, Masami,15,15,15,1,2,2,0,0,4,1,0,0,0,0,0,0,0,7,0,.133,.267,.133,D,2019
R,Ishikawa, Shun,8,8,8,0,1,0,1,0,3,3,0,0,0,0,0,0,0,3,0,.125,.375,.125,D,2019
L,Ito, Junki,1,0,0,0,0,0,0,0,0,0,0,0,0,0,0,0,0,0,0,.000,.000,.000,D,2019
R,Ito, Kosuke,14,33,32,6,6,1,0,0,7,1,0,0,1,0,0,0,0,8,0,.188,.219,.188,D,2019
L,Kamezawa, Kyohei,47,49,47,7,6,0,1,0,8,2,0,3,1,0,1,0,0,5,2,.128,.170,.146,D,2019
L,Kasahara, Shotaro,8,12,12,0,1,0,0,0,1,0,0,0,0,0,0,0,0,6,0,.083,.083,.083,D,2019
R,Kato, Takuma,92,245,224,19,51,7,3,0,64,13,0,0,12,0,9,1,0,57,6,.228,.286,.258,D,2019
R,Katsuno, Akiyoshi,3,7,6,0,0,0,0,0,0,0,0,0,0,0,1,0,0,6,0,.000,.000,.143,D,2019
R,Katsura, Iori,4,9,8,1,2,0,0,0,2,0,0,0,1,0,0,0,0,2,0,.250,.250,.250,D,2019
R,Kinoshita, Takuya,39,98,88,5,20,6,0,2,32,8,0,0,1,1,5,1,3,22,2,.227,.364,.289,D,2019
R,Kinoshita, Yusuke,5,0,0,0,0,0,0,0,0,0,0,0,0,0,0,0,0,0,0,.000,.000,.000,D,2019
L,Kyoda, Yota,140,574,507,46,126,14,5,3,159,40,17,7,24,3,37,3,3,91,10,.249,.314,.302,D,2019
L,Martinez, Raidel,43,0,0,0,0,0,0,0,0,0,0,0,0,0,0,0,0,0,0,.000,.000,.000,D,2019
R,Matayoshi, Katsuki,26,4,2,0,1,0,0,0,1,0,0,0,2,0,0,0,0,1,0,.500,.500,.500,D,2019
L,Matsuba, Takahiro,1,1,1,0,0,0,0,0,0,0,0,0,0,0,0,0,0,1,0,.000,.000,.000,D,2019
L,Matsui, Masato,20,39,33,3,7,2,0,0,9,2,0,0,2,0,4,0,0,12,1,.212,.273,.297,D,2019
R,Matsui, Yusuke,16,37,32,3,7,2,0,0,9,2,0,0,2,0,3,0,0,13,0,.219,.281,.286,D,2019
R,Matsuzaka, Daisuke,2,2,2,0,0,0,0,0,0,0,0,0,0,0,0,0,0,1,0,.000,.000,.000,D,2019
R,Mitsuma, Takuya,29,2,2,0,0,0,0,0,0,0,0,0,0,0,0,0,0,0,0,.000,.000,.000,D,2019
R,Mitsumata, Taiki,21,33,27,2,3,2,0,0,5,0,0,0,2,0,4,0,0,6,1,.111,.185,.226,D,2019
L,Mizowaki, Hayato,8,16,15,3,3,0,1,0,5,0,0,0,0,0,1,0,0,2,0,.200,.333,.250,D,2019
S,Moya, Steven,7,22,22,1,5,0,0,1,8,3,0,0,0,0,0,0,0,7,0,.227,.364,.227,D,2019
L,Neo, Akira,2,2,2,0,0,0,0,0,0,0,0,0,0,0,0,0,0,2,0,.000,.000,.000,D,2019
L,Ogasawara, Shinnosuke,7,14,13,1,3,2,0,0,5,2,0,0,1,0,0,0,0,4,0,.231,.385,.231,D,2019
R,Oguma, Ryosuke,14,0,0,0,0,0,0,0,0,0,0,0,0,0,0,0,0,0,0,.000,.000,.000,D,2019
L,Okada, Toshiya,53,0,0,0,0,0,0,0,0,0,0,0,0,0,0,0,0,0,0,.000,.000,.000,D,2019
R,Ono, Shota,34,62,53,6,9,1,0,0,10,3,0,0,3,1,5,0,0,9,2,.170,.189,.237,D,2019
L,Ono, Yudai,25,56,48,1,4,0,0,0,4,1,0,0,6,0,2,0,0,24,0,.083,.083,.120,D,2019
L,Oshima, Yohei,143,623,558,89,174,23,3,3,212,45,30,7,3,3,50,3,9,78,5,.312,.380,.376,D,2019
L,Rodriguez, Joely,64,0,0,0,0,0,0,0,0,0,0,0,0,0,0,0,0,0,0,.000,.000,.000,D,2019
R,Romero, Enny,21,38,31,0,1,0,0,0,1,0,0,0,4,0,3,0,0,22,0,.032,.032,.118,D,2019
L,Sato, Yu,7,0,0,0,0,0,0,0,0,0,0,0,0,0,0,0,0,0,0,.000,.000,.000,D,2019
R,Shimizu, Tatsuya,8,9,7,0,2,0,0,0,2,0,0,0,2,0,0,0,0,3,1,.286,.286,.286,D,2019
L,Sobue, Daisuke,44,1,1,0,0,0,0,0,0,0,0,0,0,0,0,0,0,1,0,.000,.000,.000,D,2019
R,Suzuki, Hiroshi,25,1,1,0,0,0,0,0,0,0,0,0,0,0,0,0,0,1,0,.000,.000,.000,D,2019
R,Tajima, Shinji,21,0,0,0,0,0,0,0,0,0,0,0,0,0,0,0,0,0,0,.000,.000,.000,D,2019
L,Takahashi, Shuhei,117,471,430,50,126,28,5,7,185,59,3,4,5,1,32,7,3,70,10,.293,.430,.345,D,2019
L,Takamatsu, Wataru,2,0,0,1,0,0,0,0,0,0,0,0,0,0,0,0,0,0,0,.000,.000,.000,D,2019
R,Takeda, Kengo,29,36,35,2,5,0,0,0,5,1,0,0,1,0,0,0,0,12,2,.143,.143,.143,D,2019
R,Takeyama, Shingo,30,51,45,6,9,2,0,1,14,4,0,0,1,0,3,0,2,13,1,.200,.311,.280,D,2019
R,Tanimoto, Keisuke,38,0,0,0,0,0,0,0,0,0,0,0,0,0,0,0,0,0,0,.000,.000,.000,D,2019
L,Tomonaga, Shota,10,10,9,0,0,0,0,0,0,0,0,0,0,0,1,0,0,4,0,.000,.000,.100,D,2019
R,Umetsu, Kodai,6,10,10,0,1,0,0,0,1,0,0,0,0,0,0,0,0,5,0,.100,.100,.100,D,2019
R,Viciedo, Dayan,143,594,534,56,168,43,0,18,265,93,2,1,0,6,41,9,13,88,22,.315,.496,.374,D,2019
L,Watanabe, Masaru,27,29,27,3,4,2,0,0,6,2,1,0,0,1,1,0,0,11,0,.148,.222,.172,D,2019
R,Yamai, Daisuke,13,18,15,0,2,0,0,0,2,0,0,0,3,0,0,0,0,6,0,.133,.133,.133,D,2019
R,Yamamoto, Takumi,9,13,11,0,1,0,0,0,1,1,0,0,2,0,0,0,0,8,0,.091,.091,.091,D,2019
R,Yanagi, Yuya,26,60,45,5,8,2,0,0,10,3,0,0,10,0,5,0,0,19,0,.178,.222,.260,D,2019
R,Yoshimi, Kazuki,5,7,5,1,1,0,0,0,1,0,0,0,2,0,0,0,0,1,1,.200,.200,.200,D,2019
